Ship_ID,Type,Distance_NM,Speed_Knots,Cargo_Weight_Tons,Hull_Status,Hourly_Cost_USD
0,Bulk,2802.337456616422,14.80217694221571,,Clean,1262.1745871816447
1,Tanker,7245.113895702547,14.96509341858804,25514.89876689592,Clean,1311.8067183508865
2,Bulk,6103.968269896615,11.995728639070855,54492.39788221071,Fouled,841.8490419172582
3,Bulk,11823.786169086065,16.97612704860957,98202.00430897714,Fouled,933.6943313203801
4,Tanker,3120.3890216805235,13.475120729913774,58552.78858677099,Clean,1348.4717744062646
5,Tanker,5978.555990457417,11.732764521521466,112875.14132926149,Clean,863.2553516758103
6,Bulk,11694.704332753689,15.60952953071121,118670.68672785103,Clean,1293.9351334518512
7,Container,10655.071258939803,11.304596054626888,33327.07532864168,Clean,1440.9923225744371
8,Bulk,10170.720709492798,14.084543472107384,86801.08034687981,Clean,1123.210373068007
9,Bulk,4579.028270449398,13.97264301006739,86155.77222683726,Clean,1241.6272874518888
10,Bulk,3708.875873900658,17.257686697494734,68006.50012802033,Clean,1305.097312041135
11,Bulk,8686.432199244311,15.424094698639859,141280.23213405738,Clean,1345.0396488966426
12,Tanker,11293.759891275859,13.924919123764568,127575.82158351876,Clean,895.0533378567959
13,Bulk,7567.628930139298,16.45329889760086,110637.21964825278,Fouled,551.2634591759982
14,Container,7716.1268946989985,18.17062264705194,112862.46264554968,Fouled,901.8762712367395
15,Tanker,4799.790936602842,15.673430919055587,80023.09869570548,Clean,1173.7562297840898
16,Container,9694.92933191937,14.031057859530142,139729.28774255485,Clean,950.3503857807927
17,Container,3870.437485575234,10.064491302949522,110297.4055429271,Fouled,1248.9631508603984
18,Container,5236.792364042437,10.804659010773882,114767.53801525614,Fouled,856.9824294686639
19,Container,6254.364386164168,13.084325886935996,132019.8174923549,Clean,1134.7441411040295
20,Tanker,7076.10378684455,12.171463393522151,,Clean,686.4198048539746
21,Tanker,4424.097324150802,13.439086091043663,124919.2175026714,Clean,1249.369436644957
22,Container,3148.3682473920353,14.169949774691322,45381.27838434397,Clean,1045.695968813026
23,Container,8106.200424416326,15.589078263070192,64894.45379183542,Clean,704.0643885466006
24,Tanker,4886.305532402557,13.788503665822727,63629.35905507955,Clean,791.9111734978073
25,Tanker,7812.382214226122,15.459504931478605,147208.31089058827,Clean,1248.6087085818324
26,Tanker,3543.627152742023,14.193423244430361,131349.8390872305,Clean,982.6012356615206
27,Bulk,6811.401018548175,8.073600300938386,111152.08200673376,Fouled,716.0314403930722
28,Bulk,7325.894325515858,11.181993818543738,114517.37901000072,Clean,1467.2711903702975
29,Bulk,2518.235368224269,13.567737332835154,93069.46327233424,Clean,1215.125019816888
30,Container,5366.042781939206,10.370915771476678,143121.7867241075,Clean,1457.1348325397962
31,Bulk,3344.1467693897425,15.799786189988613,84513.637874707,Clean,927.1050453603432
32,Container,2633.7497047276775,18.59225249703109,69467.30228308629,Fouled,975.1003406917205
33,Container,11899.602323899453,17.656285555091948,41194.593801106836,Clean,1397.9552161850193
34,Bulk,5223.53844974723,13.359671387209376,122206.73479393753,Clean,1025.0493402453847
35,Container,10098.744458546349,18.472178410549855,115477.71116982689,Fouled,1207.2789119056672
36,Bulk,4546.406547637638,14.446002371606335,69966.15500813753,Clean,752.17287749553
37,Bulk,8815.027222239292,12.988742086645882,23275.14381469982,Fouled,946.7264687026405
38,Tanker,9602.278598896864,12.159792009377181,129069.6526033414,Clean,623.449865810355
39,Bulk,7956.387406078443,13.092590940535615,21484.337849029573,Clean,705.9800358769617
40,Tanker,6715.7618855015835,12.835469544376313,,Clean,500.9434152676311
41,Bulk,6118.409141472685,14.511248667126463,146133.4242643874,Clean,539.2650516486602
42,Bulk,5488.682665429953,14.481721943149594,76895.97265926645,Fouled,1477.2838231769292
43,Tanker,11295.29144247826,14.009138060460243,50546.542649473864,Fouled,742.3536951367623
44,Tanker,10306.194077877291,15.31081450923905,111633.23130563962,Clean,1163.3107095040018
45,Bulk,11650.269106665126,17.571938824359023,126226.65846202607,Clean,1339.0996987996116
46,Container,3242.9722348554474,16.84866240632397,91035.94109012015,Fouled,1050.6604592365643
47,Tanker,9308.674752036442,9.54530609465029,145714.585783299,Fouled,653.1445000839562
48,Container,11383.404568210379,6.338236595294136,26716.933815534943,Clean,1228.1164373361664
49,Container,3812.3306616566015,16.80295973371782,85623.42777958866,Clean,1100.2514100995832
50,Container,2664.962673667775,9.899363904753738,113399.0131519315,Clean,1231.2505893473751
51,Tanker,9411.20649290059,13.32570379432195,132143.26124939328,Fouled,1269.746622857087
52,Container,7744.731131799119,10.489660921821923,43303.22954801271,Clean,1475.410367684745
53,Tanker,10418.28776758272,8.594058687259942,124000.45262927859,Clean,1073.56328002671
54,Container,3397.723766262895,15.624388184614364,91851.91984341088,Fouled,841.6411126906019
55,Bulk,9952.673118598901,16.277465480907942,71551.97865869521,Clean,1148.464556900237
56,Bulk,4016.2732004774452,12.270468797819841,37122.953715282165,Clean,568.4407092426261
57,Tanker,3636.559428657045,6.22687312356527,132488.4486581586,Clean,1397.3973183215862
58,Bulk,3642.6579793099295,12.361266655242552,40445.517063363,Clean,619.3810113381968
59,Bulk,10145.747202313822,15.17541201620764,60272.4216971829,Clean,827.8428378858182
60,Container,8651.972206962,9.563265293677613,,Clean,1315.745380626121
61,Tanker,7230.654247691194,14.550079759337468,133283.82444481106,Clean,1097.312378330712
62,Container,5588.304841235025,13.954070452481014,107451.38924715674,Clean,893.6355202774421
63,Container,10772.005408131083,15.737874498803265,123568.5816348784,Fouled,973.4356593750215
64,Container,5924.451074226354,14.35874110524246,52560.82684302487,Fouled,1354.5473932021803
65,Container,10165.99439471577,11.080793177355334,101233.63294890986,Clean,840.0043860598921
66,Container,6391.349085702184,17.589714504993474,94326.97780868733,Clean,1369.6496848121715
67,Container,5769.444294249076,13.52441128091909,128267.94898247524,Clean,588.1344309766915
68,Container,6626.797856696065,13.918086381470204,137791.31786256388,Clean,1276.7984372086307
69,Tanker,5013.778741641421,11.200196122780412,21580.380292060287,Clean,1347.5476330547363
70,Bulk,9476.093801762512,12.67015324642547,107622.58947764305,Clean,681.8176528373388
71,Container,7027.203900924792,11.345591857919297,26738.653885564774,Clean,930.3465323722005
72,Container,4322.1269514681735,13.481161820229731,91351.62646005627,Clean,665.4997746636557
73,Container,10995.745732745685,19.135125440427032,57392.254775678164,Clean,1206.6041289942177
74,Container,5838.912213732114,9.884296571205931,59880.95793787835,Clean,1035.3477680616568
75,Container,7435.528611139886,9.159315806369776,65884.60544880635,Clean,1135.323346708321
76,Container,11064.72110964547,18.413510982480826,100768.01837644931,Clean,696.4869669562112
77,Bulk,8242.379959139922,13.372028968544402,63426.49553694,Clean,711.7458620524195
78,Bulk,3168.980407083641,11.99278178402025,115250.87657673645,Fouled,541.4973255099063
79,Container,11398.32123613475,17.11971406218823,72588.56012460306,Fouled,822.0675351957298
80,Bulk,8277.080530714178,12.183153380789408,,Clean,1059.744661333675
81,Tanker,5349.0561465708615,19.478029140640807,121888.77952293394,Clean,1357.9349139973287
82,Container,3392.720726633873,16.033777614017808,57148.58219705178,Clean,1166.9274474586807
83,Tanker,9940.25189270296,12.536265775562892,76259.69434790415,Clean,935.3963233997515
84,Tanker,8200.727559285137,20.471924639796512,109107.7048188472,Clean,1453.1201143941378
85,Container,7334.610919763215,12.182855230989984,63219.300429332565,Fouled,1219.2452005758319
86,Bulk,10938.925830509577,16.22628611602792,27356.13529907303,Clean,1430.16520286255
87,Tanker,9885.972112245308,14.897877741219476,68609.73611166577,Fouled,1027.5879732721655
88,Container,3516.748797327512,17.905223868196394,142778.31575025944,Clean,758.9042747931396
89,Tanker,5117.220677955482,18.684533590180557,103425.47164881257,Clean,552.826686364722
90,Tanker,4484.891398144658,14.0960124471973,107292.2893267369,Fouled,1226.0848514838503
91,Tanker,9439.46292572677,11.73974638896145,102196.67997289318,Clean,621.3029980055342
92,Tanker,2335.324347357794,15.37991642881735,45868.97806472678,Clean,802.7751282719671
93,Bulk,7698.896848713165,11.966853890743682,74383.40233329641,Clean,1032.4709078838973
94,Tanker,9624.586857406906,20.04016174257987,117622.17378723137,Clean,1064.4165877797477
95,Tanker,10767.656367617494,14.409605993248212,33178.47668191069,Fouled,1100.583196987136
96,Tanker,5420.8174871590745,12.904035346063674,56120.860891662596,Clean,666.2553303497007
97,Bulk,10212.573046720128,14.554040917594726,55921.48410056097,Fouled,879.7374048216487
98,Tanker,3106.3173695520723,9.958621131410911,76162.46058728578,Fouled,1117.1942271169667
99,Tanker,10464.522917345183,11.085157884468046,147447.93632248405,Fouled,1469.8188646337849
100,Bulk,3274.886623319824,17.601241723833276,,Clean,1227.6311376996887
101,Bulk,5972.872905603673,12.029317163085812,87431.12926947736,Clean,1422.603757093958
102,Bulk,9972.953657795537,10.85926705195418,43317.40866158736,Fouled,1262.212058314177
103,Tanker,3499.174273487738,15.609958257581859,146187.95090326673,Clean,1091.7169688924005
104,Bulk,4292.513952326415,17.55711246398899,34729.45561457035,Clean,692.0233691363445
105,Bulk,9222.525683930664,16.1568599319952,72468.13030700685,Clean,1166.685651892513
106,Tanker,9200.365365460744,16.98814305741745,115925.0480284988,Clean,1123.379565959907
107,Bulk,8411.476328852972,11.729614734291617,111592.07564356789,Clean,1102.4691704572665
108,Tanker,8939.484444671001,9.73456799977447,74954.7227962112,Clean,989.7858679882407
109,Container,7427.244433475962,18.50400095586646,65048.14183385337,Clean,1028.6566039892755
110,Bulk,4517.990589069528,13.031960483473593,71689.60921187318,Fouled,834.4425271181041
111,Container,5456.9599350391945,13.247500950634858,54355.91421062311,Clean,1019.3126926423032
112,Tanker,3815.9771680142567,17.984582425547174,46693.28203188397,Fouled,697.5559056784782
113,Bulk,11084.505613336283,15.66869002820198,82795.1606826557,Clean,1305.1743973603768
114,Tanker,7833.917947661204,15.367663316244823,54909.38828878895,Fouled,685.7769546987079
115,Container,6008.514167636398,20.495007034703253,57370.016436642516,Clean,584.9662898894665
116,Tanker,6620.058036441327,12.06944530885957,105378.28825169241,Fouled,936.2460263571573
117,Bulk,11472.833396118152,16.78352038424371,145909.85312098596,Clean,1158.3074395060619
118,Bulk,3533.514031160802,14.171039374691254,98472.83607271877,Fouled,937.7168249335414
119,Container,7862.298320167973,14.805776836589772,30007.330718445613,Clean,776.7541319513086
120,Tanker,7058.88678884466,18.585405279237595,,Fouled,1058.1711838904407
121,Bulk,8114.5423543464785,15.52350726886887,143685.01870992358,Fouled,847.0023354122
122,Container,2181.1018382084053,15.614888237148898,58647.802739953375,Clean,1432.867690126633
123,Bulk,10721.239089441515,17.217522011929407,31968.70819072181,Clean,1422.645139603572
124,Bulk,11321.182824836123,12.905141811371344,97875.7963295496,Fouled,1002.3718199720954
125,Tanker,7651.33183589209,11.482370997982981,101074.34117773459,Clean,827.8839940182586
126,Bulk,8966.508238768922,10.8655724179369,104305.62661542946,Fouled,1237.132413956639
127,Tanker,11224.993811772956,8.100930231871995,54762.26362148037,Clean,536.7129434830666
128,Bulk,9072.386343133985,20.168621389820967,21964.388947881755,Clean,974.7690060436512
129,Container,3525.3904291426134,10.69037490283495,145451.99802908133,Fouled,836.3233942703336
130,Bulk,7762.883601668132,13.336239129242685,52616.09593984332,Clean,1420.5358851025546
131,Tanker,8067.150463828559,13.169560100333237,107883.41744683117,Fouled,512.0030272726825
132,Tanker,6241.3067130238605,14.922220093427303,111861.88308423225,Clean,1052.814875718349
133,Container,9364.44235624723,16.44721163761789,99300.96422033315,Clean,1240.663581066626
134,Bulk,11343.670147690149,16.581420465079237,60677.96124777427,Clean,985.0179875240412
135,Bulk,11255.685129067764,12.250767684293184,55242.51298932855,Clean,585.4030301627216
136,Container,6508.393714041321,13.498634858640765,97696.8767513514,Clean,1472.4613900279023
137,Bulk,3132.3804584075524,14.8477398514649,132592.4323695199,Clean,1018.0104313760979
138,Bulk,11848.411989623346,13.25392662144936,143075.38476004143,Clean,1114.1862443190114
139,Tanker,10388.980864459341,18.822036728059977,33767.75457248849,Clean,736.6097827075073
140,Bulk,3246.6268120326686,15.472924854914755,,Fouled,983.4980851068037
141,Bulk,11208.418826173724,16.20463335814945,142815.71364180034,Clean,929.1494919583218
142,Container,10698.963620621284,15.988643806002237,115749.57968352303,Clean,574.8958420019837
143,Container,7188.380571260721,17.520421572455973,134789.1972278705,Clean,606.1603535474673
144,Tanker,7912.754357449292,14.54306467611112,46342.242437594614,Clean,1337.4725196187746
145,Bulk,5990.027038701302,10.10950415613246,96386.16324422225,Fouled,739.8199522065902
146,Bulk,2547.616388220313,15.199063855257926,111148.14727427157,Clean,694.9582714986306
147,Bulk,5351.97241645901,12.045929318624513,108414.54510810644,Clean,1004.9114512501392
148,Tanker,10028.534485980115,12.41414995475073,73059.71981267075,Clean,1268.7471313625128
149,Tanker,2046.3202300460287,15.75909205626528,22001.3359198701,Clean,561.9465185789879
150,Container,5334.9917169114415,17.714849214300905,95780.38738455421,Fouled,1076.807919638256
151,Tanker,5981.686935909433,14.063814730208184,52903.200093349136,Clean,619.2104428405734
152,Bulk,7373.956029379229,14.92649903779689,78533.05199857574,Fouled,536.4610508256185
153,Bulk,11198.556164127605,19.106644833905712,144485.53196089625,Clean,552.7439521622174
154,Tanker,5463.459943659613,14.722259538465705,71874.59129351651,Clean,1334.1641082084413
155,Bulk,5469.532018962277,21.805049342541185,129174.20886637547,Fouled,617.9724836280616
156,Bulk,9375.012481097485,15.696528936894632,44510.27874740265,Clean,545.151364412292
157,Tanker,6522.179408898071,8.717711722532547,107419.86474325375,Clean,937.8998871429123
158,Tanker,4246.048229399819,16.260024863313596,147010.90407706265,Clean,1343.9934719420248
159,Bulk,6524.395161326934,15.143475154648334,33246.10311348178,Clean,762.4083764893019
160,Bulk,3408.5702037979986,17.869258262248238,,Clean,921.7126175259164
161,Bulk,3763.869865062233,16.019544053809874,76365.76304223987,Clean,539.9225325637512
162,Container,6983.677727394797,13.584632048048679,32041.312796677736,Clean,949.0785141348758
163,Container,6189.254495045479,10.327105291131904,117289.96545791008,Clean,1077.6130806371336
164,Container,11148.459010681001,13.372930228141925,138891.32630031265,Clean,1070.9070537521447
165,Tanker,5623.938991166331,11.4484386373721,76422.72645213865,Clean,832.4266921743651
166,Container,7805.883502780434,12.258429650585832,53632.51348020732,Clean,815.5331806631355
167,Tanker,8322.642879195304,15.765735213261829,76472.43147085927,Clean,606.623618936598
168,Tanker,2130.9445658833365,19.00971351305422,114048.21632050013,Fouled,866.7983206462684
169,Container,8635.373720167107,15.184014589468944,21177.041005448227,Clean,599.4946688729647
170,Container,3780.3596686975143,10.412350813894447,96629.01863301064,Fouled,1266.5959447120517
171,Container,11610.703174694552,15.333808004660423,99727.91903535927,Clean,1466.2742977481857
172,Bulk,3486.6272775311295,17.589894459936954,102899.47209647161,Clean,1470.0744566667067
173,Container,6146.241237270237,12.170651287041853,51462.87039751404,Clean,1365.0710993753937
174,Bulk,2853.4966807864384,13.597948499981246,112826.85403915647,Clean,1100.792149339619
175,Tanker,11968.742518459474,14.044064584187591,31880.893223130934,Clean,1200.8656972438798
176,Bulk,7021.950103312426,11.64530506075328,45905.14374068411,Clean,785.2058026804141
177,Container,7953.850173200438,15.944841301531577,134071.10606508265,Clean,1130.7704201726206
178,Tanker,2670.7647738842747,13.637155554176655,116034.00959445363,Fouled,955.6495494398774
179,Tanker,9499.604703991778,15.258597331721083,21786.922021474882,Clean,982.0173397769324
180,Tanker,4099.055930955858,11.3375234665937,,Clean,1257.776560375158
181,Bulk,10980.542894407137,12.687625099029768,47872.8427891114,Fouled,781.9183555972517
182,Container,4051.396404820072,16.167144073483314,55204.82264480644,Clean,818.0396116945199
183,Tanker,3906.8772066366655,12.881500543724698,52182.77013638523,Clean,1424.6417911286367
184,Tanker,2365.496678480949,19.180891553700214,28128.418446569947,Clean,556.2242948509722
185,Tanker,6720.669451099992,12.801091443156192,79662.26715758664,Fouled,985.6342984133404
186,Bulk,7648.411332626164,14.674054177255657,115255.35172220146,Fouled,1412.8008004078617
187,Bulk,2657.0863942835235,16.79777249561927,98875.12421326674,Clean,1110.363007818157
188,Container,9755.276166950105,9.744902801200904,107473.31691775037,Clean,1046.407074212132
189,Bulk,6532.888347480276,8.717573564057673,30549.39320971109,Fouled,749.7441792293553
190,Tanker,7243.902693275801,9.423031056289716,143693.79232298234,Clean,843.2754890644483
191,Container,6407.627469382282,17.787752310281547,129003.93839959323,Clean,1352.048415804693
192,Tanker,6007.630608753259,12.344425562322659,124661.74140443615,Clean,1059.218131768458
193,Tanker,7596.403313082179,21.674597857004755,126987.89465542977,Clean,1014.7421937567799
194,Bulk,3552.4024593071254,12.307257204027835,141252.36605725897,Clean,599.5797135400289
195,Container,3819.2813049527113,14.55365390959111,90753.0155947807,Clean,516.0281564551232
196,Bulk,10617.856210135173,18.626329857703627,46036.662322791366,Clean,1463.685188687049
197,Bulk,11461.154621336327,20.018278664477368,100181.86902083035,Clean,876.9861672868417
198,Container,5733.09316279753,20.184510729909192,116574.59417683206,Fouled,1103.2130620995044
199,Tanker,4707.446731435538,17.625098691779428,115929.2611360233,Clean,579.715073187285
200,Tanker,8439.995432390158,17.072187577434388,,Clean,1183.1142857230466
201,Container,6087.341710980963,15.777580847603549,28899.633513365145,Clean,1432.566708705961
202,Tanker,2253.8635566034486,16.33508322849991,68244.68199591662,Clean,1075.6652529974197
203,Container,3561.5259736619037,12.3464428510144,139699.65910023646,Clean,626.1153223754105
204,Container,9159.722288473975,11.545403349733078,95978.35826846538,Clean,1081.7215274734767
205,Bulk,8589.239419101514,13.989876627767144,89983.15262324274,Fouled,1266.3472131046524
206,Container,2270.9599250348347,13.489446132425215,54950.95686968516,Fouled,906.4165365740187
207,Bulk,4219.721619329494,12.640315852018174,67898.35958915527,Clean,1379.8377479414678
208,Tanker,4310.747965880713,16.089162342370145,136394.991589912,Clean,1148.6829533573646
209,Tanker,8718.927435987283,16.865915625711533,106640.19617848864,Clean,1399.2489182892025
210,Tanker,2197.1053775436417,14.265220658875542,122360.31347780327,Fouled,1123.5053112473372
211,Tanker,3041.085819845738,18.432590243165784,79064.90499879516,Fouled,631.2879720048243
212,Bulk,9999.160853731893,10.574932657599485,101932.13852930053,Clean,809.6917111051891
213,Tanker,3785.4466205433364,13.419021622160846,52289.86913661698,Clean,701.794948252457
214,Container,8527.461078518747,11.849533038191584,111709.90793685321,Fouled,1408.8264977168624
215,Container,4381.827810467265,8.40039014878082,75588.17338143385,Clean,1260.4000672874827
216,Container,2994.4139275934517,13.751957942471902,77530.91692591693,Clean,1176.398368910006
217,Bulk,4431.721909994541,13.634757474850149,104411.90219499462,Clean,800.9663196316217
218,Tanker,9222.669318556593,18.540349229726395,141716.4807909605,Clean,684.0447720502135
219,Tanker,10556.964681062858,15.892435053664332,28320.825059120718,Fouled,1256.4510879889117
220,Tanker,10302.198645669916,10.927439527012385,,Fouled,974.1579458790796
221,Bulk,5971.8352961845485,19.562277699002564,58009.8043535851,Clean,725.7895521506291
222,Container,8680.851365706461,17.66310108657606,77709.52908582913,Clean,1116.621978165275
223,Container,4049.8429541582095,15.746293110405848,22848.732740751166,Clean,540.333852138452
224,Tanker,4931.477302610132,13.320547703450504,59135.99011846069,Clean,826.1702541282535
225,Container,10963.358185211198,11.121682289829561,85342.06154191696,Clean,968.5569945911346
226,Container,2130.01923510736,12.883379671786841,27302.89005516707,Clean,647.9583341094059
227,Bulk,2855.0853085446806,17.26624585911256,83842.44481981147,Clean,1484.6544775908396
228,Bulk,4078.862551460273,19.653758917803827,140524.38175159553,Clean,709.0973645896142
229,Bulk,2265.322038738197,18.629730584816567,33701.11835401468,Clean,630.3531300432655
230,Bulk,3814.354350897973,12.533451734641178,119377.29464981557,Clean,703.5348738868964
231,Tanker,7830.415609696922,10.641147700132967,73257.23693887904,Clean,1269.0611331597242
232,Bulk,6214.24550592498,14.422658740733612,105172.58288816395,Clean,925.5056592718429
233,Container,10926.717110769749,8.694681903311444,53830.75773807982,Fouled,1065.4159397525382
234,Tanker,10174.43561738441,14.969503142554345,40733.99413037658,Clean,521.0091569863607
235,Container,5418.17351697876,13.557192241103994,40860.13985525943,Clean,534.4313085733146
236,Container,4594.234334312925,12.601890494395274,29163.9529336088,Fouled,945.8255498270162
237,Container,5796.924081672669,9.215890798199613,44134.07163716159,Fouled,1316.6552432016235
238,Bulk,7902.949425148077,15.540800319709149,106348.52004856587,Clean,1385.2388787075652
239,Bulk,4680.636408228763,12.401897481014267,134619.77953965607,Fouled,586.7065675956402
240,Tanker,8241.48907849134,10.490249492869136,,Clean,1038.3631021010228
241,Tanker,6094.116521912404,5.383213360155052,109067.46028368293,Clean,1413.2296862792705
242,Bulk,7520.471808519802,13.91745528484809,34356.14224344335,Clean,887.9727543978863
243,Container,6361.2652913531665,19.316754790009234,57594.36801847348,Clean,1329.5658314283687
244,Tanker,4944.657595419177,18.98377764364361,60274.893791920964,Clean,633.6956543994362
245,Bulk,11484.533069621566,12.628711230241183,52494.40303169076,Clean,1435.3944896677986
246,Bulk,9636.057941597608,12.193363818914658,86950.73576226401,Clean,1251.4233175313027
247,Bulk,3401.131757664525,15.40632276822507,89621.99593435743,Clean,1441.3343927869018
248,Container,10684.679758979128,11.004843682435126,66395.17677224433,Clean,1176.6172335525066
249,Bulk,6874.311982495136,14.905375699458398,65992.59063573668,Clean,863.403931999427
250,Bulk,10945.522268940915,16.298240835154072,127712.22772779058,Clean,1438.1811725247226
251,Bulk,9998.552559473152,17.680799671652924,122608.07028155912,Fouled,775.5667763091785
252,Bulk,6252.135044692334,13.699537770560141,60013.458118496936,Fouled,832.1725220617325
253,Tanker,2224.693083201174,13.388978749469102,138792.49770352372,Fouled,1200.8084180017404
254,Tanker,4686.773593849461,11.366052239730317,143865.9522103258,Clean,1265.3162995253863
255,Bulk,7416.342146608669,11.519358937880419,62476.53046390531,Fouled,1429.4034838491539
256,Container,8334.782198261473,13.32056332429542,66075.24334309713,Clean,704.8024090562095
257,Tanker,4578.876854332023,15.102096520448534,85732.43994485465,Clean,1297.998035219224
258,Bulk,3393.5607407282414,16.74075387869975,142345.70562937757,Clean,1238.5460533969635
259,Tanker,10349.302367992992,11.590463147958966,133921.5263085005,Clean,563.7945562535979
260,Tanker,11844.02180703552,18.478065706878567,,Clean,887.2231412102069
261,Container,7256.901823026858,13.186629196872294,71054.99662528411,Clean,782.7654570600986
262,Bulk,3716.792858483035,13.935898116954691,91938.25466747033,Fouled,804.4904243540304
263,Bulk,4723.07326519369,11.75836496255653,85407.2214317002,Clean,1482.946879554701
264,Container,2183.9067654746673,6.727279219181176,45202.19883179605,Clean,1142.7774134799279
265,Container,11142.98806560499,16.652136189083148,131646.18025186012,Fouled,1217.6761577934994
266,Bulk,3177.5108289014115,16.2105316912773,108002.30178958886,Clean,1476.6176373150092
267,Bulk,7765.164755142536,13.15601732864536,128928.08873073447,Clean,877.2017824576387
268,Container,4740.55220687206,14.200972151674616,131639.3563154314,Clean,1301.8401684528058
269,Tanker,7541.780025157934,15.547817653112299,117286.26097654617,Clean,934.5309633044953
270,Tanker,8514.203883518643,9.312362429340372,77097.37816246325,Clean,1369.5336718149797
271,Container,10297.418037072017,12.412841967961116,99371.0781520052,Clean,680.6575413113032
272,Tanker,4064.212717606032,16.38279403886548,40847.50279556661,Clean,1447.6861770642795
273,Container,2109.9582865848047,10.237131730492251,107573.904271738,Clean,718.7717084108797
274,Tanker,3368.8563006880727,14.880673796499888,43302.9232461065,Clean,826.2205069809315
275,Tanker,11000.186418481051,9.930254586129784,110213.44676632038,Clean,1256.1922341067805
276,Bulk,10738.900775625152,15.399289947300579,49847.76089801593,Clean,893.7551415654067
277,Bulk,7974.131021703083,13.893075553107549,35281.6690195286,Fouled,1108.2113767664466
278,Tanker,8005.1686043365335,9.154604552283471,41486.983718584466,Clean,944.5735010694285
279,Tanker,8650.366745462554,17.494218063371513,20258.977578479135,Clean,1242.3699370897818
280,Bulk,3753.712786234496,11.796225269605852,,Clean,728.3312523686109
281,Bulk,11144.119459249598,11.569242688956857,115212.13637758928,Clean,558.457987236877
282,Bulk,6187.705248920731,14.60170759169283,86941.33548872372,Clean,799.9293974730663
283,Container,5831.3852824949745,17.445912048286147,40977.164137199885,Clean,974.3086648684302
284,Tanker,7189.177052828375,10.95253454306481,30862.063876389668,Fouled,668.0200521926786
285,Bulk,2469.6596677505504,14.185039549543914,22486.76563684731,Fouled,854.7972896563887
286,Tanker,3662.833687560794,15.286449500991719,41547.26300547869,Clean,899.9830182935685
287,Container,9380.336164263705,16.079316821789433,135811.21954780907,Fouled,557.3918436882735
288,Container,2827.986679251265,14.529324665831675,51399.78942121863,Clean,1083.3072481842046
289,Bulk,8031.521094663882,12.898916482750034,66055.27253823803,Clean,1384.3434279712874
290,Container,4453.49109681321,11.517229338053841,33694.91298257331,Clean,651.7429129530524
291,Tanker,5892.956140419765,14.258431649139125,48906.96961726213,Clean,1097.808013401514
292,Bulk,4886.937367706999,10.78358296404318,87499.19420142667,Fouled,1164.7392049108462
293,Tanker,5556.727164649492,5.235948549516177,99007.84880243483,Clean,919.3346804192884
294,Tanker,9190.459051842456,15.309679412473002,51895.80084160744,Clean,1201.09758736427
295,Container,4971.217156231751,16.711804523258586,27505.18069926524,Fouled,910.731543491012
296,Container,7664.046402968972,6.911202693374484,70834.27298656182,Clean,1004.6372879774349
297,Container,6760.504021990997,10.970807885870187,50446.43822042344,Clean,507.35304455442696
298,Container,8636.71165362648,15.857462783015594,48542.01001987425,Clean,1191.7201141346889
299,Container,11368.29739324758,20.172486409135097,144782.16435274918,Fouled,1161.3426789447244
300,Bulk,9325.720972102503,14.062381123026224,,Fouled,538.4008773263446
301,Tanker,4149.403785907567,11.815991176312597,92394.19761237246,Clean,868.2501073951331
302,Tanker,2311.8313506128466,13.45131067668548,74050.76345803184,Clean,1479.0318407916675
303,Tanker,4622.64044299825,18.124629257444553,75762.76334591876,Clean,920.7365625686168
304,Tanker,7950.779307002548,12.062107462626393,90317.6504989505,Fouled,1001.9454051318417
305,Container,2514.2581348425038,11.602423980049238,110535.87491469394,Clean,1409.9301581597185
306,Tanker,6963.662472012364,12.551769433453902,111278.99250363783,Clean,1217.2618758657563
307,Bulk,7968.428489168892,11.140014175223863,42320.208001708444,Fouled,1082.0701311242237
308,Bulk,5342.438908169608,14.368010947984386,85014.65776996152,Clean,1297.8046813410724
309,Tanker,9709.122037458219,18.87403537540868,73554.55235443325,Clean,1364.3662664559733
310,Tanker,3065.982531337718,14.969237819348088,133168.50561501994,Clean,956.8880717372668
311,Bulk,2751.3778173580877,13.242939493621137,102084.45975838893,Fouled,975.1083649318355
312,Bulk,9281.887562036034,13.124566193253369,89225.52863407764,Clean,886.0509356518357
313,Container,6954.913162061985,9.31042757391003,35001.30348325926,Clean,1466.7061400184607
314,Bulk,8884.02396427736,16.64932933144148,98732.92561204349,Clean,1197.1662542903505
315,Container,6348.273386037462,13.766488408961594,35236.507738430344,Clean,583.2230662080723
316,Container,4464.020332391068,13.458560259228124,63836.85482354777,Clean,1362.9596233130185
317,Container,10191.023176741997,23.579322703534583,38569.45542586314,Clean,980.5599408362681
318,Container,9994.158789689793,14.89625872509706,109969.57411316795,Fouled,568.7539064224875
319,Container,8946.964708544267,11.744626849714447,46812.774798699844,Clean,1049.7172551633112
320,Tanker,4721.451372299627,12.72092721138337,,Clean,917.164278975702
321,Bulk,7902.3066686908705,17.445337127590264,136437.72109044122,Clean,1377.749404862625
322,Container,5609.738969400269,14.339811231613293,46561.12984186614,Clean,703.9946036093874
323,Bulk,2915.8207332663414,9.6851660650479,86014.65831464129,Fouled,1326.464609492183
324,Bulk,11173.135754622428,16.757686803725612,74505.31595158286,Clean,1057.6886911854526
325,Container,3368.186309189614,11.995567743383019,22356.125335944864,Clean,554.610303213469
326,Tanker,11502.373538208025,19.619893328652637,123058.55476446566,Clean,1471.8453013254848
327,Container,6460.057729579557,17.240144197143945,28975.967820897964,Clean,1012.6152441031999
328,Tanker,3851.3292883861964,12.658034313023746,81653.15272700397,Clean,790.8768542315825
329,Bulk,7419.009473783582,17.843049085205337,92888.17834206349,Clean,969.406841989258
330,Tanker,10729.458358764083,14.20356653158221,101695.43935989632,Fouled,1357.857783517489
331,Tanker,9322.24886409561,16.55832102536666,109522.11181002382,Fouled,804.9031243850635
332,Tanker,10065.611478614497,15.454198451883425,52925.40985795296,Clean,692.6763964867004
333,Bulk,8587.833667107174,11.46093003502738,21297.24096559842,Fouled,629.0712469308814
334,Bulk,8922.765645178524,12.069350503047614,114047.67610613856,Clean,797.8593983902113
335,Tanker,10491.956515653193,17.089882452743485,89635.35791518522,Clean,1280.0480870400434
336,Tanker,4496.680088591859,12.995674003680378,128695.30141694234,Clean,971.6263651952618
337,Container,6894.249636431405,12.78905461027401,126780.48717709025,Clean,727.4816036935399
338,Tanker,4212.094418196022,11.134632261951941,129632.40181242481,Clean,666.1849996097492
339,Container,11876.68007996647,15.270797196780382,83062.30579734022,Clean,832.7294765103791
340,Tanker,11440.593396866132,20.187574757729436,,Clean,1439.9243728857089
341,Container,2394.268113685059,10.797401257237182,122902.5663368781,Clean,843.0267125900243
342,Bulk,9055.751725156884,14.072658370018274,78668.23469380314,Clean,1488.1240759546354
343,Tanker,11252.483174156658,18.236661666246288,43847.48553244649,Fouled,985.2304557653562
344,Tanker,3805.7534512733355,13.761075826262855,131146.62254299165,Clean,679.1639182901508
345,Tanker,7679.452305526294,15.357115388749202,134732.78398040513,Clean,1391.1400917935093
346,Tanker,11154.882975880419,10.81281941555936,80620.26829822212,Clean,960.3553731348269
347,Container,2339.459785857988,15.284921291622945,29840.964550272372,Clean,1209.6713435045244
348,Tanker,8974.2026724684,13.438567204986354,70417.39168920106,Fouled,1483.7115832091517
349,Bulk,4973.4900737255075,16.957189987039587,124459.89573013844,Clean,550.175350319974
350,Bulk,11243.961953765303,17.562158154694252,137230.62371100974,Clean,596.6945597875672
351,Tanker,11710.582451653678,21.76869092605584,46451.456524687455,Fouled,1220.4567414627563
352,Bulk,11442.66489113434,15.738899519640727,28706.5695632853,Clean,781.825003295472
353,Tanker,6742.1421665746375,14.9773889497465,134055.55890726903,Clean,684.301396950099
354,Tanker,10620.426509893134,14.583152904732009,70622.6420672538,Clean,539.3618798197294
355,Bulk,10445.493985350704,12.940501121567936,90428.92535478322,Fouled,521.8467119862019
356,Tanker,5191.004732432557,15.015451530385073,145848.55556659866,Clean,1274.485603119791
357,Bulk,10289.154741506773,13.11379576958291,28653.414628848972,Clean,634.43342736955
358,Container,2370.076347154926,14.505382928808842,104281.34096877242,Clean,967.7206159711509
359,Tanker,7962.698784820531,17.952792606823877,29633.70493473272,Clean,1105.896815179483
360,Container,4300.08837287703,10.980372304161076,,Clean,928.3518005688463
361,Bulk,3205.668857772788,17.419635683387135,124495.89087514808,Clean,527.1066523362331
362,Container,2769.5320162920916,17.951345202019596,76351.39025823248,Clean,1283.5015025879088
363,Container,8962.887758781399,13.645794419026764,149633.70600738353,Fouled,510.51322454165347
364,Bulk,5398.749637680661,7.634435302974216,92677.70704305828,Fouled,1261.8898943774839
365,Container,9247.667715287615,12.176534038716703,61751.07984267396,Clean,1393.3044937881227
366,Container,2653.5634079894235,17.890983639683327,48614.472367617906,Fouled,932.8399210571722
367,Bulk,5152.903378306103,13.931395813103354,65567.66945720103,Clean,1035.5424730977984
368,Container,7394.9129237533725,11.002093303115267,68429.3255887416,Clean,976.9833926176537
369,Bulk,9907.231648389636,12.485675236315348,28932.77810411493,Clean,889.2086186234387
370,Container,5187.525029320699,16.521860079513658,68044.64592548051,Fouled,1387.4245353703602
371,Bulk,8258.91376437009,15.640200704604137,80351.00756609923,Fouled,1393.9335106699905
372,Bulk,10859.777482361871,13.283203702490917,113955.9077910446,Clean,835.8163646415345
373,Container,8158.631881823046,12.899526764555937,105374.83301380904,Fouled,1115.069754014698
374,Container,4329.594747536337,12.824725552868534,112139.53517979005,Clean,1426.9075621458642
375,Container,2244.00781556538,11.232769446504491,21087.278643991423,Fouled,1462.0584989413514
376,Tanker,10700.988739009299,18.846127068408325,48296.76194546968,Fouled,1008.9590404220476
377,Tanker,2212.6941085038716,13.03303859236598,106018.95749198135,Clean,952.8248052843268
378,Tanker,10747.016726841994,17.651475562476488,82918.61786336714,Fouled,778.6943159285258
379,Bulk,7289.37134027212,18.563948155767356,20690.751836884974,Clean,1458.87187319041
380,Container,11390.676985128961,16.994932694443882,,Clean,642.8143044728673
381,Bulk,9987.832357736654,12.705139061845856,120465.24452774387,Clean,1079.829576047725
382,Tanker,11979.341105333375,15.211190271009828,91294.49118916315,Clean,782.5502675186389
383,Container,5507.118154517102,13.927413180827251,28640.232350915376,Fouled,779.0082903477967
384,Bulk,9671.88288931127,11.288894417809615,119646.956439236,Clean,904.9685873761885
385,Container,6019.309136092422,14.97307784516481,95882.76640507732,Clean,1498.7929358156546
386,Bulk,6798.756203039088,10.462880626520592,121654.7970305347,Fouled,554.9663068398221
387,Container,8275.054632183701,17.56303816538469,117727.10901145925,Fouled,1078.5418182035314
388,Tanker,10736.771141863388,12.60614810810482,124390.26935451882,Clean,582.5721580352772
389,Tanker,11840.834691992952,14.603478967618518,87341.04863260123,Fouled,654.5208299905189
390,Container,9682.73413864518,14.849863614638426,38242.18736515695,Clean,939.5629417728987
391,Bulk,6177.667821673338,13.223285078887768,107250.47153935953,Fouled,1010.4601313464414
392,Tanker,6213.570022770702,15.760081404425824,100661.59205675618,Clean,758.792408364524
393,Tanker,9375.823015888915,12.575289030132426,116492.91433588133,Clean,816.4571308744162
394,Tanker,4387.771457683024,16.613891892371733,42084.53078659559,Clean,586.9670202559331
395,Container,3104.7411313139464,9.962060959259755,45346.7759870376,Clean,803.2197838442505
396,Container,5546.2215764077655,14.379138738639236,135753.23723851272,Clean,1466.558439380544
397,Bulk,4872.3899165408175,19.816786997174855,117497.1137987692,Clean,1444.7073816724817
398,Bulk,4963.081204559901,10.999006026183276,138069.70353104197,Clean,834.878290136985
399,Bulk,4336.077510499099,11.966765088425445,118632.99175130969,Fouled,1070.8539362787615
400,Container,2420.9318963636188,15.541723548976744,,Clean,1409.5953911109443
401,Container,2178.739347334138,14.538745345818795,105037.25581362357,Clean,506.18382264089666
402,Bulk,11877.223897360316,15.051890297820677,135586.6301122013,Clean,1310.6835703375918
403,Bulk,6277.731337358623,15.46756139044299,95244.87808655227,Clean,1448.369552788919
404,Container,5843.266471596817,15.904164405685309,102210.87216269036,Fouled,591.3257343335571
405,Bulk,8796.472826930698,17.32909952586867,40341.97308046807,Fouled,661.4476860329211
406,Tanker,4182.538878650642,15.229455970785537,81609.75861509335,Clean,1460.7463027713554
407,Container,11499.611839502253,13.276227036144373,113131.62455455287,Clean,1037.5401436403463
408,Bulk,9863.45014415552,16.017721103608196,55222.5507811275,Fouled,514.1966344717237
409,Container,2894.110023122595,19.699645804685645,46293.04346818954,Clean,757.6319987635292
410,Tanker,6175.807757849284,13.602098760852279,60797.48506917402,Fouled,949.9436742688597
411,Container,10791.183075621648,11.076412085988075,51395.08163906835,Clean,1192.9089110247678
412,Container,11447.320222914102,17.321242007860917,47938.64281473146,Fouled,1233.1603781367994
413,Container,6674.015112498697,13.638856508139206,75230.6095728513,Clean,1495.4215129254562
414,Container,8134.113892107077,7.481991361957892,138019.00680485944,Clean,787.511199383759
415,Tanker,3670.3394609207526,16.542265031451265,85917.75407603338,Fouled,1038.2201018684752
416,Container,11911.686261369765,12.394015442138231,44429.649505992,Clean,1033.323547859605
417,Container,4316.717013834434,13.728400153087518,30006.31701951363,Clean,905.6452594472375
418,Bulk,11427.317741351257,14.995940991707045,110500.29886793028,Clean,669.1618938424202
419,Container,8496.466489923685,14.5714990393372,69763.83937673041,Clean,1477.4565631838427
420,Bulk,8077.367948788591,16.128355451417118,,Clean,1353.3171866665862
421,Tanker,7126.885110165086,12.69354088829047,105736.39992330012,Clean,998.3330282942372
422,Tanker,4306.698117177587,15.539317394528249,123511.38857037791,Clean,1103.2454226840298
423,Tanker,3765.2803200550825,13.22135996724825,55352.985124398336,Clean,727.2610535596623
424,Tanker,4204.862090701754,16.216431442662508,110006.65991993756,Fouled,1043.787070391747
425,Bulk,3864.3826214425453,15.84610245203916,54328.05801018344,Clean,1194.9701331214758
426,Container,9795.844735667533,11.193683893866215,142078.9023285379,Clean,1015.1670283865888
427,Tanker,5501.2525916673,17.257946348525095,102728.65659933868,Clean,1490.2851705849412
428,Container,2578.4267656339634,12.392109664657855,62186.53402279447,Clean,1111.3416562477262
429,Bulk,11691.026301408114,16.424173394843436,55036.54209799544,Clean,870.973712592169
430,Bulk,10837.858849634256,15.101861940204023,44820.456059313656,Clean,1272.152027615838
431,Bulk,11277.52283195213,19.51455103038537,110303.32465618462,Clean,670.462511581642
432,Tanker,11949.078226464353,13.329602052884443,48433.02968973055,Clean,884.5158137062665
433,Container,3738.9524921948732,12.952049611645407,97389.42457057358,Clean,846.9589503775858
434,Container,5962.420189026588,13.941741182336802,54402.55350029645,Clean,931.8070951077773
435,Container,9582.384757040913,13.090460651497175,106055.96282320292,Clean,1281.7798259287263
436,Bulk,8960.206180537924,16.39982570582615,125942.1647102701,Clean,984.1730321634075
437,Tanker,3538.959063398551,9.151068174690236,121143.28160880491,Clean,1294.0144502659628
438,Bulk,10158.331249906178,10.838952742560938,118910.67302100162,Clean,1076.488903139866
439,Bulk,4244.405718366606,10.79659123526242,44403.91273999277,Fouled,842.0694346575553
440,Container,4238.176148226231,16.85092277592073,,Clean,1309.9787436834724
441,Bulk,7369.744228934136,19.131840117745774,110863.34770336012,Clean,738.2896705530916
442,Container,7929.399348417031,13.686652344387586,67885.13779326566,Clean,724.3829797997955
443,Tanker,7800.862078378112,13.493534830429969,76205.00943243515,Clean,1004.5029240548358
444,Container,2914.868373977549,14.210156489339544,24049.382063140838,Clean,760.8492459620888
445,Tanker,10774.608626303803,17.485634907824572,53744.938405756395,Clean,509.0870349512163
446,Container,4656.000425887061,11.217940597428278,24377.932503680324,Fouled,1148.2975272988015
447,Bulk,3295.1492128280415,14.715106948204355,134294.1504381622,Clean,1011.0938214723981
448,Bulk,10887.480798689772,16.92559288934729,51641.56881840897,Fouled,945.5178144931613
449,Tanker,11556.514982297535,15.503282509819536,92453.83204449105,Clean,1466.9685146183153
450,Tanker,10621.276172654507,14.56874484979623,25067.311685946952,Clean,1071.1991839629136
451,Tanker,10095.160747248781,17.003138277701424,106690.16086973556,Clean,1363.4315777893844
452,Container,8552.419806390219,5.8903031210022885,61993.5549480322,Clean,639.4502362051602
453,Container,7508.573706091393,16.033625958592722,136729.49430449656,Clean,1069.2064631294277
454,Tanker,2869.8675991141013,12.037772950617729,135455.36456142465,Clean,1367.979626730903
455,Bulk,6084.532130706987,8.508101309430629,62287.78038702721,Clean,1083.105757279898
456,Container,5726.88517012314,15.533607798574941,137124.91643976083,Fouled,1218.0141781270015
457,Container,4597.537837603262,18.120975635488875,149500.49755484125,Fouled,872.0435678122074
458,Container,9234.20113688585,13.587654456116924,127304.03633611325,Clean,592.4495170370666
459,Tanker,6958.757350787708,16.858623641608816,129833.27520817977,Clean,957.9002951270714
460,Tanker,2810.462159076479,18.836834773965936,,Clean,894.4793908388575
461,Tanker,4201.832019498113,17.944743360752142,94971.31185150832,Clean,1367.0601823789473
462,Tanker,8832.58763659596,18.919893588114178,28743.268815757823,Clean,743.9953023524722
463,Tanker,2761.308594903002,16.226382473215676,32339.331786817063,Clean,1466.734227535108
464,Bulk,10512.069140487687,14.226300916704778,149856.03956432777,Clean,1458.138119804496
465,Bulk,6951.465270139744,9.194102564308494,62463.10242536842,Clean,747.6316430714387
466,Tanker,6805.86577326648,13.261812535610154,117263.90856635003,Fouled,848.0519554773205
467,Container,7924.077846595176,11.470260214051425,124866.45689348615,Clean,1395.555740873885
468,Tanker,10246.809659251492,20.51282815249344,131543.0252309398,Fouled,1466.6222208961076
469,Bulk,5478.092079021931,13.47234256270299,149691.67866228035,Clean,943.439102836044
470,Bulk,8780.161525590636,14.369614420353457,51394.54308339282,Clean,820.9970456408978
471,Container,7657.319639957911,15.654456128121403,25245.607491760962,Clean,1026.094013251542
472,Bulk,4670.282701694214,14.13080733911736,73454.89733929618,Clean,1187.7692063657348
473,Tanker,10786.29986355158,19.085153121292258,36910.4870777631,Clean,773.4745153749798
474,Container,9974.26021606928,12.132051914796644,22915.365591067166,Clean,1236.4731746190728
475,Tanker,8584.518346584255,14.583822365711729,66855.48752839319,Clean,551.6573571146411
476,Tanker,10505.81729094242,11.772588242905854,121885.97263978074,Clean,549.2944927644164
477,Container,10672.942009598024,10.039932466337882,93603.4898592592,Clean,886.2877051455453
478,Tanker,9083.629767150349,12.164692727284145,60661.13859734603,Clean,853.4731920607205
479,Bulk,10370.13328363672,13.888889608854765,105064.46071405357,Clean,815.6332153671523
480,Tanker,8974.714616692836,12.71209332644822,,Clean,991.0197626689101
481,Container,8801.407717603004,11.922737060378433,21869.58798937105,Clean,820.7335823115712
482,Container,8186.113782151843,9.781047608984498,119365.94023673555,Clean,692.2579184680919
483,Container,9527.166395576412,13.750683282113915,101086.60103232118,Fouled,809.4695490886008
484,Tanker,3586.051052930737,9.485838877906993,119099.3411851248,Clean,1474.904272810235
485,Container,10808.707591989285,16.280167891068807,25061.94216939653,Fouled,911.1134169948486
486,Container,10718.43527745232,14.24731925880351,128825.55161798479,Clean,944.7127768583357
487,Tanker,2292.4728303455913,9.627345501605209,100538.40600471944,Clean,1076.54498995114
488,Bulk,10258.167505647627,13.07237276885041,93241.39559264321,Clean,1483.3407684142267
489,Tanker,3288.6986747344517,11.74353078322825,101199.8262548891,Clean,741.601276435763
490,Container,5351.188542591419,14.957523531257541,132376.32209288733,Clean,1181.2821105324338
491,Container,9435.082562916079,18.021351338069433,96301.74585265791,Fouled,1215.984693541724
492,Tanker,3607.598960483082,8.374482591062765,95523.54938546331,Clean,1107.324416793066
493,Bulk,10179.670241190623,14.345078237442252,148788.29041854956,Clean,588.578339636644
494,Container,10321.341779577418,13.519601613300079,118374.92171891384,Clean,1176.8722758275765
495,Container,7074.677337608362,16.014020229351395,77498.19470864758,Fouled,564.0947110361755
496,Container,2063.8587171683357,14.639589884713068,111961.6100042806,Clean,1096.142649549897
497,Tanker,4870.381331749128,11.744092004783543,70599.96131993251,Clean,1239.5811772217426
498,Container,8169.269183757422,13.042838193000145,49753.81012285487,Clean,710.9698906199504
499,Bulk,11811.861780274236,11.611922429589534,97590.74399540873,Fouled,1341.622007542774
500,Container,8318.135270166684,17.228021415795794,,Fouled,530.3538055330042
501,Container,4598.035810641598,14.063934946015827,140788.13760201016,Clean,1343.812863658306
502,Bulk,8340.057030996113,19.703572057259024,64447.686153713745,Fouled,960.3290506427651
503,Container,7399.853797158555,13.818017558556138,88598.07060882034,Fouled,717.5879399316445
504,Tanker,9798.453951511436,11.874779699268611,47512.66681408195,Clean,633.778144993968
505,Tanker,3069.806388269584,9.458856822161518,149432.04423485487,Clean,1453.3071675823726
506,Tanker,9610.27902502028,8.590580971232164,147545.32802283164,Clean,572.6655875811567
507,Bulk,7412.665786761103,9.24759217098353,104436.16086196815,Fouled,699.0934199359257
508,Container,11629.920038589946,14.80137995303445,124573.82775807154,Clean,847.8223474330459
509,Tanker,5418.721660386861,15.5261750696898,112963.020966881,Fouled,1120.2348489611204
510,Bulk,8326.218931339481,9.256427893903599,97110.56847513086,Clean,1044.8010852760985
511,Container,11320.281055100175,16.685114942228346,26935.2396085567,Fouled,625.643492412314
512,Bulk,3025.0972799067927,12.550816844949681,79119.36453184593,Clean,789.7279837382146
513,Tanker,11372.284872364511,14.440379035956648,107722.21928176336,Clean,738.7517710860241
514,Tanker,8878.857223008134,18.836661884766272,108079.109804879,Fouled,713.5428544903414
515,Tanker,2678.370591051719,16.690517947596597,68505.94039490986,Fouled,911.144336479987
516,Bulk,5009.635669468163,13.194408056282503,142419.95826554397,Fouled,1204.031452591657
517,Bulk,9081.720886452815,11.326423323754138,41756.41419078153,Clean,717.4529322172359
518,Tanker,2673.5060146877167,7.544553796012085,85046.72800802288,Clean,866.6788797029815
519,Bulk,7821.704601762733,11.84254004227274,109814.91695160697,Clean,890.9174268411623
520,Tanker,5458.830569529568,13.366609283516917,,Clean,1476.4565294354102
521,Tanker,8209.155177674771,11.038461418546447,104323.06437994602,Clean,1454.6663568790689
522,Container,2457.4203381251286,13.606229098723086,55787.46774874182,Clean,1300.137582752076
523,Bulk,10715.368061523763,14.230555648876305,40306.853929260855,Clean,741.6589208191851
524,Tanker,11734.88969177397,13.325432054575764,102672.24248747241,Fouled,568.0373140916697
525,Tanker,11688.778552856915,12.04999225752962,97909.2750981269,Clean,816.9041377206247
526,Bulk,9496.518317429247,14.505964015900183,43316.28133760132,Clean,766.7945494338309
527,Container,3300.86240130632,15.325821948708228,111668.08892417324,Clean,1005.9258001463938
528,Container,9582.631959290225,10.728802767671462,79172.35892537533,Clean,1277.7279100677931
529,Tanker,2245.8691645880153,18.232797139238812,106808.87690840987,Clean,1358.3229388788582
530,Bulk,2221.2355152899727,13.704235603147215,128857.72037011958,Fouled,1344.8640854105086
531,Container,5236.102191495413,14.056548868834543,42064.69571500001,Fouled,859.6755612230677
532,Bulk,6886.431904046657,16.12464326976967,22488.83283958877,Fouled,1187.2343434606828
533,Bulk,9704.074178077932,14.699648393790504,121283.33623145228,Fouled,812.83419752422
534,Tanker,8832.953766065053,16.859409901739735,99260.66526984007,Clean,560.9055432351827
535,Container,6459.027063767483,14.861372495605472,110953.14405087582,Clean,1201.5652656029424
536,Tanker,4736.266662816659,12.162687876078687,128960.14674852353,Clean,509.8275525697878
537,Container,11971.245001577112,15.084510575618305,124365.42152718507,Clean,909.1825874584886
538,Container,6261.813022359729,10.568821378038015,144919.61910074722,Clean,829.3792693020757
539,Container,6513.870243296755,14.32567911732957,89671.56025077536,Clean,1193.3775385188524
540,Container,3636.238211916692,13.900310028066617,,Clean,1266.245472760379
541,Container,9948.095487499293,13.375649428182381,72245.33598579491,Clean,804.0946359712839
542,Bulk,8936.822257814885,13.614387465683208,39979.83556974659,Clean,1311.6270144448536
543,Tanker,4207.696127887604,8.354452863507083,94438.94027466292,Clean,793.9167605049338
544,Bulk,2823.810456158427,12.353825276777116,56011.628162377245,Clean,946.3263599865612
545,Container,8804.99302074713,14.278534703423345,139769.9765876868,Clean,1227.018527014134
546,Tanker,8545.112142811351,14.479569175992202,95814.80455602269,Clean,1192.9202292247887
547,Container,4732.595269982094,10.916974577222126,97069.22346605432,Fouled,1487.3684723122
548,Tanker,11508.635622504104,17.797123522594102,66140.20591401131,Clean,725.1610242159319
549,Bulk,3510.5789178090026,11.401475455356497,26758.615757101972,Clean,1162.3179135395824
550,Tanker,6323.348010426019,16.90837160158021,24126.689498488522,Fouled,1109.6819082757775
551,Tanker,11436.15920167599,15.281583085615054,75033.56873991567,Clean,1415.0984544900298
552,Tanker,6197.273169261223,12.061318070468591,30993.49915264092,Clean,656.362141644875
553,Tanker,8385.259476640855,19.325932677828536,98890.10422021808,Clean,1251.798163586933
554,Tanker,5975.943979627942,10.419089504730561,134526.49073315546,Clean,1068.2686162687683
555,Container,4742.1520234867,16.757462520830003,134778.92614743387,Fouled,774.6658697879054
556,Tanker,11839.776479598282,17.001746954128933,105675.90331719021,Fouled,974.4349141471741
557,Tanker,6093.34006315043,11.988139372770066,47460.13809148103,Clean,833.7765970697978
558,Bulk,10940.992036791344,18.177395900192987,132189.58807665337,Clean,1079.3134027884607
559,Tanker,4299.5460589108625,13.249860456203141,135192.14659071708,Clean,1389.0006108146658
560,Bulk,4131.047040250833,14.866080887839571,,Clean,1069.304984412202
561,Container,2311.3408288451137,14.780965516313662,115865.39115018804,Clean,1131.722418326584
562,Tanker,8516.66825375885,13.597073775588356,57247.54136052598,Clean,1018.7478471147094
563,Bulk,5685.2634372376115,16.432424819479348,124343.24060588086,Clean,551.1655064454759
564,Bulk,10643.58249839637,16.38046616165664,149640.92698746835,Clean,732.8585568760942
565,Container,6732.099066915572,8.754404080285457,23903.380692821065,Clean,992.0017294320828
566,Tanker,11681.934279147217,17.913020728634457,136657.56255282115,Clean,810.2352837447047
567,Tanker,3855.2551570312116,9.012524035892977,100941.96936782554,Clean,681.7635977611942
568,Bulk,10686.231679556107,17.097638613024973,146539.74049142675,Fouled,1004.1328419184383
569,Tanker,9765.968527917417,17.38011541048275,80451.23727843558,Clean,822.8097934478503
570,Bulk,9709.21844644052,10.727100709354406,130160.43097427858,Clean,758.1076431734148
571,Tanker,10447.832281168876,12.767557136136245,28111.22891777604,Fouled,963.9854174403808
572,Bulk,9610.239909429989,10.682885994542193,63586.276510178446,Clean,633.2842580821732
573,Tanker,8262.203216314154,13.355236909133794,28712.149907657295,Clean,1427.7457330754073
574,Container,3312.448776823876,13.075897147442776,146794.60735227918,Clean,1367.702097919239
575,Tanker,2325.2617949125192,16.33898159680802,126206.60794533878,Clean,1207.6205857405353
576,Tanker,11208.478478156869,17.930926238358825,130831.16476197616,Clean,606.2138275884562
577,Container,8166.503145207381,18.18705143236987,141935.48008640623,Clean,1275.877254469693
578,Tanker,9965.372909761763,12.313495920265094,31063.453195572096,Clean,1307.957328109019
579,Container,6815.223515125501,13.372334378766416,70127.68702673333,Fouled,1267.7646177143376
580,Tanker,3173.081889623945,8.949685423337149,,Clean,613.9658871192412
581,Bulk,3251.857922025504,11.582389800511434,47403.10320150372,Clean,1143.9079570677648
582,Bulk,8855.652872289713,16.894554899292373,49817.551014897406,Fouled,1334.3247957493986
583,Tanker,6303.058948994627,18.846748470644695,80983.93743618522,Clean,1077.3534012196678
584,Tanker,4005.247267003367,10.296953384360233,54913.081768973534,Fouled,1146.407375228089
585,Tanker,6915.945467414369,12.222607222541317,33127.153886308944,Clean,958.3634794263062
586,Bulk,2642.089370751341,13.92078272912322,41773.841582234,Fouled,1028.7073198840526
587,Tanker,7819.714019143988,14.84048347645882,39145.82326177182,Clean,534.3768583517252
588,Bulk,4689.934044350977,11.571189440235061,146499.98372859877,Fouled,1138.9630219732846
589,Container,9975.59100637188,15.27218313339227,118708.02589940157,Fouled,581.4472128911592
590,Bulk,5103.619589235737,12.578481958787252,145808.99048504306,Clean,935.0145943402233
591,Bulk,6552.201490818012,13.956643187365163,77166.2632460281,Clean,792.6550976674077
592,Container,2116.2053990810064,15.638852744011098,56187.90261614536,Clean,1045.427950211713
593,Bulk,2724.4688779455887,14.019266809432814,123778.11563719426,Clean,633.4163355232071
594,Tanker,5924.935564066848,12.690842328420294,62413.009345349084,Clean,1191.6434019733183
595,Tanker,6799.388347171235,13.671170588222507,58919.83858169528,Clean,1295.0115369284704
596,Bulk,8000.2054811930375,13.734911122383995,50225.77898701806,Clean,663.3544497431565
597,Tanker,4916.625787093032,12.889966910353618,36858.2671691506,Clean,604.3130873518821
598,Bulk,8949.818861265427,13.223611811998692,53340.19793217957,Clean,645.5154827873591
599,Tanker,10601.223971892046,18.79594151151415,66191.56730160539,Clean,1377.1275618985019
600,Tanker,9798.509888933499,15.682758343823716,,Clean,1028.1892617563562
601,Bulk,2396.1882534835713,13.113559045912519,28133.429488528705,Clean,967.2609960075026
602,Tanker,6805.06947257829,16.090863213532206,47365.90215649459,Clean,606.7118191023543
603,Bulk,3049.3017841817486,12.99854153073197,125173.07323791792,Clean,1149.5560067569618
604,Tanker,4420.4501586252745,17.519373912759924,39099.8500658902,Clean,1367.99959189509
605,Tanker,11866.625932671464,15.108926576594282,64543.8690479278,Clean,1328.185869323453
606,Container,3424.9554290151323,13.678093567987313,132405.6598415582,Clean,1126.0547089808013
607,Container,6988.881534513561,15.343150777430832,40140.290448647545,Fouled,575.2787166516737
608,Bulk,8181.557343181191,9.287371543794503,30755.78863036469,Clean,612.397027176013
609,Container,9024.64970544104,10.619697593270583,82989.93936040142,Clean,549.3089871098247
610,Bulk,7596.486834869141,10.418224980802833,59314.53646620973,Clean,757.4792164924693
611,Container,2097.7084741918366,14.42882928429112,93243.08738290104,Fouled,635.6614671603777
612,Tanker,5264.613082439919,19.197544998455275,124494.63576285177,Fouled,760.0480402524339
613,Bulk,7177.116433847114,20.6939004385779,37829.303459856616,Clean,885.0580557189617
614,Bulk,2878.6649914483337,15.914153304322271,95490.88099205705,Clean,1442.9827840711357
615,Tanker,5506.2693120918075,15.50253342483337,85716.13885068231,Fouled,1110.3760597816922
616,Bulk,2332.0310879136655,8.596826797541784,38730.24218171595,Clean,1334.9737856829624
617,Bulk,2785.7849715502075,12.371978600797934,101119.80311876771,Clean,1210.3515007123324
618,Container,5969.232762015961,11.636648744275284,55573.25432190031,Clean,612.5031305266317
619,Bulk,3327.1575404306036,12.137457205246651,83418.46141072162,Clean,1235.920406373949
620,Tanker,7675.408482615581,13.495568544245632,,Fouled,775.0988815591245
621,Container,8894.649691372659,12.583728266908619,79745.927437771,Fouled,1139.1078469947065
622,Container,10005.866991090828,8.062100568872637,59840.25084556664,Fouled,840.9619736429886
623,Tanker,4001.5024424481007,16.243730768352602,126909.55745409607,Clean,1497.6722632646593
624,Tanker,3674.8258225906975,10.78177092278058,27407.234509657876,Fouled,763.5514794967778
625,Container,3045.6784033440026,14.717740592333449,74418.94573938289,Clean,779.1304707742697
626,Bulk,8364.302495436368,20.22224800924992,79596.08513708695,Clean,1430.6722555623983
627,Container,9064.757264869011,11.24184622524073,114250.78991888544,Fouled,524.6444046363226
628,Tanker,2315.8614482564203,6.40913743176101,94657.38476172743,Clean,1196.6889878731968
629,Container,11362.122462436899,13.141987334359667,106737.60383524354,Clean,1225.3263907358782
630,Tanker,2519.712836514724,17.302878904995712,121016.4071347283,Clean,1336.3785774103994
631,Container,7412.963353010705,19.87504236266178,132086.38657556454,Fouled,1474.4393106384755
632,Bulk,9090.605194509164,10.311351216642748,60803.81457392117,Clean,1475.6019191566525
633,Container,10709.691237460856,15.490097669709565,89942.95169730738,Clean,565.2767575664639
634,Container,9140.869321324277,12.60406862965984,129214.05019709599,Clean,1321.8393227529025
635,Tanker,10017.280830697919,13.682154937087592,148628.64702545735,Fouled,1146.3099336573814
636,Tanker,5394.5019254280605,21.933030041051104,135637.5104356892,Fouled,1147.342134373091
637,Tanker,10148.251137465122,9.491089014814541,68290.74414116898,Clean,628.3499266146948
638,Container,2801.1484638467514,14.76121898448372,45371.64723842456,Clean,1150.1871664456535
639,Bulk,10948.166560605276,15.4030795152963,83621.02986285654,Clean,1482.4825806012477
640,Tanker,7475.923761537362,17.25735897481804,,Fouled,1411.8185695394468
641,Tanker,10172.977699624937,14.293949460412687,84033.97919792868,Clean,939.1306608048505
642,Container,6523.1828451830015,14.924151618512306,82813.5122307769,Fouled,539.9479732860943
643,Tanker,8435.77695196525,12.825054297734626,128969.95474063407,Clean,862.2934900002049
644,Bulk,7264.026609361132,14.807380823735322,66982.49127873423,Fouled,1326.3903116005552
645,Bulk,9315.89521755332,12.970423173507768,131773.30772551394,Fouled,1201.499101465166
646,Tanker,2816.299820305896,15.864715669568152,72884.62412372406,Clean,959.3436555939563
647,Tanker,2603.5208399056382,12.891168991869097,62670.30373818412,Fouled,555.1015351588311
648,Container,4471.032340101465,15.13130118170656,79018.68845596087,Clean,926.8947278233027
649,Bulk,3595.446801131883,13.912211558945065,119118.1046277329,Clean,969.0249397178835
650,Bulk,10717.835665922017,17.378150752316504,36380.26362231925,Clean,1428.555532894136
651,Tanker,4192.139873580443,13.845818829234542,45534.49806336226,Fouled,1141.0861035821595
652,Container,11758.652558191314,8.680902595379356,143687.82733620197,Clean,811.6529166546488
653,Bulk,5368.957917711068,17.785764502141976,42813.91155957646,Clean,1025.3182644507215
654,Bulk,3821.179156886993,11.282803097412144,93804.55133103709,Clean,566.0553078221601
655,Container,9896.985071424791,12.038700984053541,95310.88066605192,Clean,1472.5682356497368
656,Container,8587.077755008762,12.213016117869524,83651.18006653182,Clean,860.059901930726
657,Bulk,6981.95716453139,18.123314279512453,103816.88231498642,Clean,977.8673549131358
658,Bulk,7553.635509376312,7.592977358063914,49877.4743536904,Fouled,855.2839742369226
659,Container,9192.017782722638,23.41324560097998,91846.09481097727,Clean,1182.5117301162002
660,Bulk,4284.547413312987,17.168170427198156,,Clean,1162.232158329593
661,Tanker,11963.339160567419,14.669716742387479,106016.74375179458,Clean,1215.3223105291356
662,Tanker,11747.931621467831,13.83531799815114,38359.06063850943,Clean,768.1432296119208
663,Container,8503.256863469369,14.85666222457297,94214.06418913191,Fouled,815.668481164066
664,Container,3995.4245092914516,15.563367285138014,44085.14619983208,Fouled,625.2512310962079
665,Container,8802.282424312914,15.93564675785017,56223.59820495473,Clean,1155.5099718461126
666,Tanker,2721.9840897917584,15.666813398010346,48432.27404206582,Fouled,539.7971273356526
667,Bulk,2306.5250220580606,14.268742043765746,43768.91138294622,Fouled,1097.6823355234592
668,Tanker,4576.828885112137,13.407984739078021,127342.4237028867,Fouled,1369.6958848516338
669,Bulk,6626.229567393163,13.546180149039465,57141.983795915745,Clean,1390.8321482896336
670,Tanker,10682.725054083805,13.415275158941958,140526.09164237842,Fouled,949.0377603699617
671,Bulk,9271.69069766308,17.401310290601195,146090.4482948748,Clean,959.3036882130738
672,Tanker,9427.06521199981,15.780670166842587,94263.86109182265,Clean,576.9691830080174
673,Container,6254.9333444807535,5.17883409600716,38590.145946544435,Clean,1170.7650254430357
674,Tanker,5459.349925469629,15.967702329589283,68691.27163934556,Clean,1321.2594203728454
675,Bulk,5710.387629846027,14.584208584156325,123705.19423526782,Clean,744.6550546047131
676,Tanker,11876.495637360578,13.943873730662308,67760.79473061915,Clean,921.3008816333647
677,Tanker,2401.091914124825,12.834444640733343,31312.238379362538,Clean,1338.8393367652702
678,Tanker,10670.314961224485,17.37233815995804,92382.03842066444,Fouled,1377.1204676622879
679,Container,7786.754085723934,16.842579386368573,129865.71069448451,Fouled,743.179980264226
680,Tanker,6386.154191895905,11.681366996529173,,Clean,1050.5706345413641
681,Container,9252.576604151365,15.221156861373606,42766.00821694592,Fouled,692.4931506358271
682,Container,6866.689414247028,11.085029796376142,107459.39987362067,Fouled,601.8787641395566
683,Tanker,10734.232380816606,9.861145505633209,48665.55424663413,Fouled,1411.1205013919575
684,Tanker,11007.018640112585,12.119848326230105,48366.97949178239,Clean,1320.507504232109
685,Tanker,6217.209268734554,16.587180417148275,133629.33052967407,Clean,1260.0349018031739
686,Bulk,4768.2779723505155,16.85937513612826,52456.96385622992,Fouled,548.7663188131404
687,Tanker,7923.5032859336225,15.539256260291879,54222.15504734145,Clean,1343.7287927102575
688,Container,11123.63345616691,16.17528736054399,20084.940798968943,Clean,938.0440759053838
689,Tanker,4106.6218900566655,15.548534861344875,133186.97443631728,Clean,842.3951232958597
690,Bulk,8229.665835634827,12.075555214331143,123037.32571718752,Clean,1046.4763610253765
691,Tanker,8315.602200925205,15.295767634021821,101552.76156178814,Clean,591.3532427235558
692,Bulk,9331.13022415281,16.401228575683046,117534.5493120495,Clean,1256.6465493523988
693,Bulk,3315.676851272598,16.262873989440724,39766.313765183935,Clean,1082.435076888296
694,Tanker,9158.249646820885,17.56674011442393,79582.0672963848,Fouled,686.5900968731676
695,Container,11090.32520665641,16.12491154160319,65658.52035534152,Fouled,688.2321997690456
696,Bulk,3796.83108870242,15.054344622624749,32190.948413412145,Clean,684.2486515726742
697,Tanker,4375.433249238777,17.210450714949282,83196.96307794013,Fouled,557.002387551934
698,Tanker,11713.950940416396,13.92043622225282,139696.1545445426,Clean,1087.798449371685
699,Container,3809.769527094898,11.354376046316847,25207.685476590283,Clean,1340.348177588508
700,Bulk,10543.85093369579,13.510799108168708,,Fouled,517.4982139873886
701,Bulk,6922.778564480348,11.765292065580653,46980.32170674145,Fouled,549.0046449712736
702,Tanker,4472.310744031771,11.974465175076855,50959.064976540525,Fouled,1072.7702766869456
703,Tanker,10707.499012725113,13.566443987853447,138096.4917443188,Clean,1319.4956853860522
704,Container,6453.052550026655,11.622740237000116,80848.97705045772,Fouled,826.7388905686336
705,Container,7148.173539296902,13.07611541108288,80618.92368217645,Clean,849.6143988077222
706,Bulk,5592.333693997657,8.319155999138644,118874.8335191867,Fouled,1096.346497496776
707,Bulk,7929.508514349274,14.639881122118815,40083.986520640356,Fouled,774.2128891241471
708,Tanker,3635.2387258502276,14.003616426086673,83344.49603300661,Clean,526.6083660776841
709,Bulk,5910.815366517607,11.548734106795429,75898.07783573776,Clean,1235.228518101596
710,Container,11694.123223352875,15.977737005297215,97598.3897710653,Fouled,1125.649912941453
711,Container,4581.3343270112755,16.812710412879674,149942.50142255702,Clean,1080.7559990556592
712,Tanker,8567.366645412923,9.177320406893077,120028.35623066612,Clean,1241.6841289918232
713,Container,5251.900642246948,11.711825664301358,71722.54139226553,Fouled,1175.2308375620376
714,Container,9734.731256866005,11.692572950638105,127581.8967956261,Clean,705.8819881783211
715,Container,3308.7366071834986,11.180290696673406,42192.08723062242,Fouled,852.4810469433512
716,Container,11698.210450785447,16.488424525795246,23960.279220164815,Clean,626.110141678625
717,Tanker,6537.895413836392,13.418521583681589,46578.2884203555,Clean,629.857013417881
718,Tanker,4360.5046334646395,13.206455476068168,64253.50229485376,Fouled,1176.195746356539
719,Bulk,2734.9674733001266,7.98841290677974,86375.49846974279,Clean,1358.6001069824983
720,Container,3697.579050875407,15.90625409062768,,Clean,1462.7325838611391
721,Bulk,7197.739485560177,10.282224815439582,138378.74323787482,Fouled,1128.3471175494444
722,Tanker,5370.031764312863,14.179797890798985,86281.0212415595,Clean,684.1013233609569
723,Tanker,10288.833658826095,14.832130813874574,85165.83380134482,Clean,605.6503454489307
724,Tanker,6308.87523661806,18.08197578751595,26531.591276987678,Clean,1312.8509715367577
725,Tanker,4487.1427258763,10.073538802642663,24538.501845309096,Fouled,1078.7564763599994
726,Tanker,8171.449866040301,4.941463532537524,91650.79504912837,Fouled,1118.2850210137199
727,Tanker,9067.772168854459,14.551548634261085,76963.21972228479,Fouled,1281.4620887547094
728,Tanker,3670.4190790094985,19.401533544532562,129093.45134743882,Clean,1203.2772277324516
729,Container,3676.192162883177,17.716839058818312,40888.34601253987,Fouled,1334.4582528560968
730,Bulk,2366.71426933543,14.628978245823877,23246.316075216448,Clean,556.2139054598784
731,Tanker,9364.020150656404,12.525091443103857,78375.03983091636,Clean,1247.5206367465048
732,Container,8638.04527621805,16.42136778991193,50872.212377793476,Clean,1350.8527573220954
733,Container,6746.308757498139,11.079361400886594,26449.868534048866,Fouled,786.1350424583143
734,Bulk,10441.70448969197,15.429073308068658,114197.77729019176,Fouled,1140.447273993253
735,Tanker,10056.701529500533,15.51641047749988,34507.08999444217,Clean,814.162063836972
736,Bulk,7853.543643967521,17.18062972249664,99081.53500101031,Clean,1457.971066482454
737,Tanker,10682.712805132587,22.278980116733234,56536.46752169559,Fouled,533.4235724355037
738,Container,4058.4121003676823,15.177247901536301,42554.48654615287,Clean,1079.792843832955
739,Container,3119.1961939772787,12.473109122877503,69367.69797951127,Fouled,666.5035470495151
740,Container,4697.496115169896,13.923277063424017,,Clean,1212.2202051771587
741,Container,2570.8685608931482,8.692772285332644,70972.16499759446,Clean,675.8902834186621
742,Bulk,7311.69528001032,11.915860606732824,117600.05439743724,Clean,735.3832618983575
743,Tanker,11366.056922949614,12.772152685660688,36313.21858388959,Clean,994.370811045758
744,Tanker,2393.4354066850965,12.427734806196222,120460.28455646029,Fouled,1414.834949996878
745,Bulk,3221.099140100268,14.457064616101166,50801.33223786432,Clean,711.7143721479708
746,Tanker,6521.990282834353,11.532740202853399,108061.10688555347,Fouled,644.2400211181035
747,Container,11338.750175279049,17.363092001973413,93551.60212932952,Clean,1258.9768318540305
748,Tanker,5161.561049767505,14.000621194754592,140788.81323751935,Clean,1000.6195323339309
749,Container,7072.348086883924,13.972099036584156,70351.92733679083,Clean,1411.7851123817713
750,Bulk,2415.7285905039207,13.016315850461247,28601.474548477257,Clean,646.6145571598423
751,Tanker,3483.4320096208885,14.465572051576938,22490.213121662877,Fouled,1145.9278930230394
752,Bulk,11866.30122958847,16.475294794002906,127491.6129264579,Clean,732.879146151815
753,Tanker,11651.186964360455,11.398609352867298,88215.63289598619,Clean,656.7604286516394
754,Container,2049.399809344096,12.02565053277423,120781.72673854341,Clean,1183.4294151572706
755,Bulk,11518.11785423239,13.088821913670007,50475.328001496906,Clean,1093.684619908733
756,Tanker,8391.199378155005,9.962387229580354,64860.88691672039,Clean,1254.827458362331
757,Container,10679.18294520022,11.542226420835506,23913.50338747146,Fouled,809.4625764461823
758,Bulk,6547.398556338591,12.571337379366023,144994.00219463458,Clean,947.97165638219
759,Bulk,7155.960285792503,16.623167542138184,106822.82787110575,Clean,905.4716763304184
760,Tanker,6888.4658025692015,14.787683987005774,,Clean,1484.0894639665144
761,Tanker,8668.642575461043,14.580769734102633,54514.5329657794,Fouled,792.248956739388
762,Tanker,3396.5125475631294,16.552693886503917,99490.2694593359,Clean,794.8172383467669
763,Container,2299.7358987267794,13.58788463480181,108204.99587804292,Clean,854.5482088286074
764,Tanker,5079.29941591191,15.171394549786669,61281.4610334865,Clean,1064.5940812903214
765,Bulk,9046.807627366466,13.690334741202511,130254.2005520319,Clean,752.3227442637452
766,Bulk,4018.5345212294833,14.796087048198885,143130.99017703222,Clean,1415.289940379274
767,Tanker,8734.324333249173,12.251724027165254,135031.16530048056,Clean,765.6855648662635
768,Tanker,11699.120461072704,6.683548525170712,116078.70687211843,Fouled,1395.8157315601948
769,Bulk,2939.007157894184,13.597162513441088,56070.408364244024,Clean,603.4750636465847
770,Container,8726.021182251263,18.26824440829982,56610.08547373213,Fouled,1156.5627023996522
771,Tanker,6437.5021930457115,16.778646206724776,145236.84165798494,Clean,1406.9855184382436
772,Tanker,10681.422543775054,16.896192453773512,21336.984471639964,Clean,668.7494383982296
773,Bulk,3771.497894473859,17.708392165418655,113086.49652147878,Clean,1468.3269600992548
774,Tanker,8926.259522261646,14.265972772884313,111812.00113218409,Clean,952.8833604155117
775,Container,10381.152896481102,14.591947122216787,100949.64032347366,Fouled,1445.7151084410243
776,Bulk,11446.142194740232,12.147044313696949,148714.14999129256,Clean,1176.8200436300472
777,Tanker,8832.480282896458,13.051781431918851,60544.32664928428,Clean,801.5868698735516
778,Bulk,6971.747640084273,15.847313449313425,64196.34229312226,Clean,688.3025249171064
779,Tanker,8178.472402012138,17.611653311506448,30262.12238305222,Fouled,803.7350462250994
780,Tanker,10689.049844787181,13.581661172957002,,Clean,593.017409262675
781,Tanker,7706.097466388297,12.649432205445766,53936.308410530255,Fouled,643.8679663433297
782,Container,2303.870596968369,14.001583876569791,64640.271283093745,Clean,604.6604403464811
783,Container,11309.486955069779,15.803620246787345,128494.3327332316,Clean,922.9435437415577
784,Bulk,8895.26751031561,9.668435551599375,141612.98675857444,Clean,1295.5783762575866
785,Tanker,8765.133857772465,7.111457140588286,44145.29936067414,Clean,641.3835542163401
786,Tanker,4156.751523977172,12.34838945152525,68426.16110195057,Clean,630.3204331723359
787,Container,8588.854702326571,10.337862722257524,140721.9730750012,Clean,1143.4289495173307
788,Tanker,5938.644056541585,12.475579407058067,28035.099889598943,Fouled,697.1829819680663
789,Container,8512.32977041492,13.556659043547585,32006.868654479207,Fouled,597.6100381089916
790,Tanker,3065.9303030799074,12.640254772930959,41162.82859680982,Fouled,666.8485782055776
791,Bulk,8578.453046030361,18.357402603412236,97377.66843649372,Clean,1423.731395876776
792,Tanker,11994.137257706665,14.98023429380696,39561.39523077967,Clean,1321.4712527761908
793,Tanker,2482.12038860556,14.901423078832485,145849.92958859535,Clean,854.064562355094
794,Container,11771.741842213172,15.866621432130206,78072.88854360764,Fouled,1155.8207673273928
795,Tanker,6069.079607228707,10.583500646657694,85197.33484552163,Fouled,1037.275673668038
796,Tanker,10707.534503372592,17.117335362260807,52065.62005470284,Clean,1177.124263482564
797,Container,9823.854840582735,13.77270714039362,81224.83281651535,Clean,1182.6711524627594
798,Bulk,7670.162609866678,16.01144185172364,106048.7722428115,Clean,1128.734015059993
799,Bulk,9384.492092513265,10.784428300879533,117653.02780402557,Clean,766.1013685373086
800,Container,10785.15561301348,9.338723701951807,,Clean,539.0064207628182
801,Container,6041.40321651033,16.453668974075086,95125.84465023148,Clean,955.5667819901088
802,Container,5270.331615632387,15.12922857829255,137566.77074920145,Fouled,1390.973884690704
803,Container,8675.933855635847,11.293845336927468,126263.02014979422,Clean,1069.497258518576
804,Container,10078.459419412586,11.391010756175916,118416.2549108213,Clean,1332.3910417019079
805,Bulk,9622.851347766158,17.376304353244308,27228.71781845988,Fouled,1491.6243429612282
806,Bulk,9978.136488586344,10.431764321398017,20894.135088554413,Clean,663.6162041382763
807,Container,6355.83314812933,18.92801885976789,47618.14603541148,Clean,1191.7776391419823
808,Tanker,10178.342161750217,11.298137796056395,106258.06720874879,Clean,1174.2935737000246
809,Container,3202.0905537060844,15.91517577682515,73455.67355473095,Clean,1479.9554473582784
810,Tanker,7444.890979608495,13.014144572753047,72312.81370891051,Clean,1485.6007339528005
811,Container,2057.5866049812157,15.80956229324703,134996.29546984978,Fouled,1186.6786117241295
812,Container,5245.858299002703,12.367657993657422,136423.17025713902,Clean,743.6147919821942
813,Bulk,5664.615348713978,13.511621281783118,138192.78432696615,Clean,1298.555838130599
814,Tanker,5961.726916092553,14.122757526187163,60804.14994695355,Clean,607.0291342110381
815,Tanker,8954.672066898622,10.993437632655581,109837.25565610403,Clean,1280.6993041716287
816,Bulk,5885.581012703457,16.22247303626038,55312.31356566805,Fouled,1410.1961241446966
817,Bulk,6486.936226225306,12.460359300585244,44779.27829967847,Fouled,882.8333947684353
818,Bulk,4375.441308743275,13.314200253979944,44002.219455158,Clean,1130.6352949830805
819,Bulk,5732.517916293401,11.016951876174463,64473.99071226722,Fouled,930.1427320968263
820,Tanker,4272.696272631514,6.3129990236140685,,Clean,937.7650549881284
821,Tanker,2731.9592376844366,13.426916712199493,128023.39223715889,Fouled,810.3708891081201
822,Container,8034.485933813779,21.237846264838748,35585.84215145257,Clean,1262.1296204503246
823,Container,8682.127985550163,16.35381286369407,115540.36016133624,Fouled,1436.1765641665052
824,Bulk,8194.903460096146,13.942218860796816,89089.1388446097,Fouled,1440.7508592344611
825,Bulk,6634.940438005723,13.211327512375197,57432.89454787902,Clean,674.7812848749338
826,Bulk,5797.857801792298,14.067397678436139,84066.54598926721,Clean,1374.743649656566
827,Container,10633.336495718253,15.64135734552563,58992.46907101294,Fouled,1237.431441427122
828,Container,7190.817851362181,10.457561554073465,97490.65418097978,Fouled,752.8374006902893
829,Container,6791.818776297309,17.342965084006615,76399.70997118174,Clean,567.2846129215145
830,Container,2256.4206580643568,16.146143946323733,41372.71878025423,Fouled,767.997266884378
831,Container,5412.478276261563,16.154557177123802,35155.79969224057,Clean,1412.2082367815256
832,Container,5801.95618785857,15.315427216429182,91070.43866937692,Clean,1133.1786748957722
833,Container,5988.227808969004,14.05884997308197,137313.69432719343,Clean,1221.0546608978718
834,Bulk,7801.723692273323,16.01858370790046,64714.499252499125,Clean,757.1523511090959
835,Bulk,7336.025467268784,15.775442401224135,115290.01393894102,Fouled,1219.3881555748203
836,Bulk,8079.050927934446,12.937877867176928,105625.9761421697,Clean,528.1215062779238
837,Bulk,9648.832615421283,12.279194681309297,141102.13886023255,Fouled,875.3213457730137
838,Container,10129.857387160935,14.30556888578596,126727.53224888831,Clean,1126.7533485423312
839,Tanker,9181.230762264944,18.647060454485562,93658.6836577102,Clean,646.0965655413202
840,Container,11555.236959549347,10.282678773038297,,Clean,1323.0035744469346
841,Tanker,2182.3258267636165,9.59742420274268,136790.24065592454,Clean,735.0312988119186
842,Bulk,3957.779856835461,14.49428252370955,71937.44199630152,Clean,1152.2811128184462
843,Container,2075.628749781421,14.152663105568054,62483.31176151106,Clean,905.1971425753297
844,Bulk,8474.747141546031,14.520024993111225,21405.440872575524,Clean,1096.0435954776472
845,Container,10980.30548949987,14.7318595937255,127451.63964489035,Clean,607.4505526289081
846,Bulk,4434.822965762993,13.330393236095585,124127.49105243743,Clean,516.9127999216073
847,Tanker,11270.345447963067,18.469590315806247,33579.087353019684,Clean,1409.5644273803011
848,Tanker,2602.6739028956085,9.197288064570454,94991.45954725103,Fouled,769.6300087671827
849,Tanker,11344.360268055143,11.514508925659262,80317.62076169536,Fouled,1319.6770027804591
850,Container,5516.226872396344,13.690235719552858,35432.18241618449,Clean,1499.3503004722002
851,Tanker,3014.208284492165,9.070433566537499,147473.86951789405,Clean,711.4312579989112
852,Container,6858.7175918632565,13.472436786703787,47910.46537023621,Clean,765.1707411833556
853,Tanker,4567.76567720508,18.984410497184054,28740.443411772947,Fouled,1162.8597876346657
854,Tanker,4848.729019619228,14.062659464887885,97330.15933524825,Clean,1465.4486346006213
855,Container,5072.899649262866,14.69210271715605,116052.66802729425,Clean,1415.8143481907439
856,Container,10030.258978326634,10.219505704482259,24217.647986134303,Clean,1002.8755200655849
857,Tanker,7391.612766752545,12.150915775881568,105633.29303451288,Clean,1295.1102825267246
858,Container,5113.076991560036,12.874410859028188,89197.94387368907,Clean,635.7458530999011
859,Tanker,8103.3378331091835,13.046854709731297,33424.451153756294,Fouled,1477.4381842040123
860,Container,9161.506742231935,17.844931385011307,,Clean,1464.3532340359866
861,Bulk,4726.240007335338,15.673073182175374,93836.65865109046,Clean,663.7289578791709
862,Bulk,6135.491015253515,10.665626129188905,58526.48975672749,Clean,799.4231248031067
863,Bulk,3218.860933369476,14.739514335296015,141981.04472467108,Clean,600.1549975067669
864,Bulk,3811.4934953468032,15.494665245490356,126436.2298329266,Fouled,771.7175988981796
865,Bulk,8811.178539649827,17.4204471155638,147863.7368467762,Clean,1315.9557894152067
866,Tanker,3814.3834769562695,18.741622059705122,53757.20906355382,Fouled,878.3156071652595
867,Bulk,7251.633836670601,10.954717424516394,146064.072263737,Clean,588.3969671467584
868,Bulk,9090.462617224326,11.567427466368986,76060.40307290253,Clean,842.2255247789046
869,Bulk,3068.7692309474387,10.22726642325615,65177.4433907881,Fouled,1481.38333424128
870,Bulk,7673.122196289036,13.297940422679055,26545.438506015922,Clean,1129.6835952592028
871,Container,4565.627837013637,15.399075123339003,26859.48352174834,Fouled,916.1609464061578
872,Tanker,11629.268752375798,16.962003549767307,109961.4632730651,Clean,666.5385134972701
873,Bulk,6835.4564671992475,13.772146929072433,79530.76927642363,Fouled,1486.1767972836947
874,Bulk,10059.925497751581,13.040457430235469,49447.81138469374,Clean,1320.8490092631287
875,Bulk,7502.265421562618,14.455273976746222,99816.13982228024,Clean,781.4773024509194
876,Tanker,2434.1253285481916,11.494571295109932,52871.55537251445,Fouled,570.0686957211894
877,Container,8331.513755940225,20.26861616508432,95092.12806477494,Fouled,556.625557377558
878,Tanker,11514.03342206657,9.177016918645824,66697.13710774975,Fouled,620.3781495055339
879,Container,8016.118201463312,14.554221736687174,127061.78945953648,Fouled,1080.7685836144217
880,Bulk,10191.8885942679,20.070818657688918,,Fouled,1428.7634212054923
881,Bulk,10842.064633484079,14.020399533679994,82055.55175591217,Clean,996.7434280059845
882,Tanker,4280.797719489325,13.429882894995517,65606.48421355203,Clean,1342.9454824561972
883,Tanker,4120.448399082266,12.927663731568718,67132.77355268228,Clean,945.8866198598078
884,Container,8109.809888509917,13.458824954712776,124742.88833686833,Clean,1208.5835457678254
885,Container,6110.284698067047,18.11854542402959,62663.33276368956,Clean,1231.872737286501
886,Tanker,10398.613028667203,7.3644142660114795,47177.71858188998,Clean,673.9637059033387
887,Container,11000.231233980112,18.600301103888977,31009.484443789886,Clean,861.2160589758118
888,Tanker,5534.213793027181,9.728128542649564,80670.10571497309,Clean,1137.302156538024
889,Container,4368.705589744821,13.200043012296756,82677.17285957944,Clean,570.6966081843661
890,Tanker,9805.255152438618,12.712266739104015,129318.13235237793,Clean,861.5401877629565
891,Tanker,4748.060355481361,15.76565980931216,48761.03053798832,Clean,1034.7994662811925
892,Tanker,10226.143185136783,9.205626944348758,69528.86557689199,Fouled,1496.2244930446386
893,Container,6237.382536487628,15.386517998245829,125092.74605617982,Fouled,974.5335626224407
894,Container,8675.498992914705,20.072928869860558,127071.06939736656,Clean,1316.0567571143235
895,Container,2955.3531383466816,9.910477986221569,69999.43987723987,Clean,932.0672850666177
896,Tanker,8238.59324676573,14.569118502831188,79686.1230272685,Clean,1296.3907226197089
897,Container,6517.676787372291,12.014053466610173,59427.16581040678,Clean,1095.4148016201084
898,Container,7866.084631754741,15.277661618579106,141232.13419451058,Clean,1386.5954415023984
899,Tanker,3680.142077448634,14.057443332247257,35423.68954640544,Clean,910.94255235011
900,Bulk,9368.737449441822,12.075539272867072,,Clean,1104.3044198214789
901,Tanker,10627.970775432286,15.463616854613221,108902.63873859461,Clean,1130.0186806188274
902,Container,4167.398000907757,19.41304432936023,89104.37984927505,Fouled,917.3829418004733
903,Tanker,2957.1455552016173,13.427288624818104,24245.67790198446,Fouled,644.3120436874815
904,Bulk,2236.3858604633638,16.159273826444547,81827.50493686108,Clean,593.5594069123356
905,Tanker,8419.715004432659,10.120181126386509,73007.2536503552,Clean,516.6715505996331
906,Container,8070.940360887807,11.130690869545974,40958.44555676593,Clean,1373.5342642452147
907,Bulk,7466.9741271407,15.417218833641133,105333.2484550854,Clean,736.4749122386945
908,Container,4319.470961159754,18.452348085607895,146249.61795787717,Fouled,711.5067492817681
909,Bulk,5909.0599590551465,15.06684004635698,93084.54543838826,Clean,1236.0354004260655
910,Bulk,7944.76335186173,13.060825908430537,112917.92593771295,Fouled,820.0161130873918
911,Tanker,6967.668588591694,13.997874216270063,28898.55883358218,Clean,1006.0446924118366
912,Tanker,11877.855202148872,10.248776798090848,74296.70945620933,Fouled,662.5110652974563
913,Container,3364.3975255673313,15.8135459790661,35126.60307138447,Clean,1459.7457214619692
914,Tanker,8951.44554047594,16.646999186970227,99663.45861974635,Fouled,1351.5814000172372
915,Tanker,6043.187681042921,12.643729001500759,142002.6805678401,Clean,1363.7896229650032
916,Bulk,6281.996149256148,12.589873556721496,106031.105221313,Clean,906.7737485720052
917,Tanker,9175.977656581763,14.797634688956146,29984.396280874797,Clean,1262.3612137071727
918,Bulk,8924.361513243697,12.689840791878213,66106.60664806077,Clean,643.8761553897801
919,Bulk,11912.559937021882,13.801602156122533,91586.2393273107,Fouled,508.61900259178026
920,Bulk,3283.9428945412524,20.299165367499548,,Fouled,519.9729325780281
921,Container,3041.0964938416637,13.25892289776201,128373.7213617724,Fouled,1086.6017374045605
922,Container,9243.388171287412,12.924979543936333,125907.23061229859,Clean,955.3949052479409
923,Container,7783.869170064091,12.057374583094523,99538.03261341879,Fouled,1018.0153489085197
924,Bulk,4741.6066655980585,16.23257591449981,68549.53286725169,Clean,507.4631404172194
925,Container,2794.193689889866,13.45632748034569,53193.72858922174,Clean,922.6866196574257
926,Container,2856.5824959643055,12.051880885035722,33763.66136770681,Clean,1218.0681612008607
927,Tanker,10941.908746641182,17.963912096819037,66136.69885325202,Clean,942.6937019674358
928,Container,3918.6732471874293,18.258809013540912,73712.42723700355,Clean,1232.2192063122222
929,Container,5233.715621155208,12.198729302783885,107856.98026352956,Clean,733.0189643968348
930,Bulk,4266.56402226988,8.400380145918152,105560.77715868455,Clean,1313.1420044817255
931,Bulk,5549.963058319373,17.022541069510766,29114.058153363403,Fouled,1088.4312404534523
932,Bulk,2694.2384274609335,11.946110522719987,71383.71100605051,Clean,710.7630994299062
933,Bulk,7190.597909082704,16.371876797488305,43631.25273825705,Clean,736.7204758538329
934,Bulk,2676.125635922149,8.089688546864494,40385.65169118474,Clean,1128.030464569537
935,Bulk,10003.565078223615,16.67779201489793,127549.27946584197,Clean,1329.9395932124435
936,Container,4337.12081910433,10.366484212157657,25448.97817311348,Clean,915.6277820291552
937,Bulk,7400.1191460451055,16.192292357199573,74493.77386727577,Clean,758.3004291275922
938,Bulk,10800.790875614583,14.042819203509302,41866.47524964737,Clean,1367.0116069106004
939,Tanker,8508.773690471942,11.138181741810065,134312.92803820164,Clean,1169.268291750835
940,Container,7329.577865513353,12.778891061219658,,Clean,948.0854872830765
941,Container,5243.337531153757,16.058955370870102,50079.482728990246,Fouled,987.9001952793019
942,Container,5330.019130581979,14.317683359345702,85315.54733162894,Clean,704.2564679363963
943,Bulk,8694.869551981901,15.753238941417452,115093.22676140505,Clean,1126.802630064844
944,Bulk,11941.393612211676,19.929321753546457,144555.34115952638,Fouled,858.7425105428886
945,Bulk,8618.391898493786,9.307275164866846,48657.98055190446,Clean,1495.6451766743494
946,Tanker,7577.834173700249,18.85163772490587,135203.63037681486,Clean,980.1835152618878
947,Bulk,9306.50510239246,14.313067812569638,141459.53484177374,Fouled,985.8856061896131
948,Tanker,6652.056122837182,11.303647855030615,139134.67078916862,Clean,1065.851787410672
949,Container,2601.423426007852,10.00905912278303,102603.86639204828,Clean,1416.7560031187468
950,Bulk,7622.968158779098,13.4326388276689,101876.685076512,Clean,1300.8180998597504
951,Tanker,11576.252845053801,16.764950335773378,72417.38231389696,Clean,951.1300697978414
952,Tanker,3753.0294235765964,13.617352638867397,117811.72469949242,Clean,1218.699265972796
953,Bulk,8900.048908206656,18.533464790742045,89068.22238562115,Clean,1086.2354987807616
954,Container,4009.336886590565,9.646472929845324,108066.94925967828,Clean,992.3670487012489
955,Container,7358.276844730813,13.963733156461837,75699.5275003434,Clean,692.3157727843505
956,Container,2966.7644964671963,10.242819666760642,115094.54032560808,Clean,963.9362634548909
957,Tanker,6503.709362581852,15.090895647874904,127181.29728859138,Clean,745.8185870225747
958,Tanker,9561.63328895246,16.6606621702919,39036.71335836609,Clean,1414.8421498516545
959,Tanker,5475.715242389821,12.73771461895684,128280.86302464965,Clean,835.406813496347
960,Tanker,8649.11724487218,6.187358430118597,,Clean,1452.2640145333721
961,Container,9954.49960789729,14.596844440389484,129806.56818172916,Fouled,1033.0552900947112
962,Bulk,11271.778194794526,15.310215655200528,76069.22182433191,Clean,1131.5443786761602
963,Tanker,4346.420818554536,15.212884264885092,69275.26309979455,Clean,1042.9404444893278
964,Tanker,5993.159158093082,17.707346575466463,138957.8952272389,Clean,629.3806169667009
965,Container,3524.1601333041745,10.786838961052855,52652.00478129217,Clean,875.821219007941
966,Bulk,11924.835021583753,16.040648316351348,129747.6022871986,Fouled,599.146112277624
967,Bulk,11270.009679242954,17.577522537433925,82922.67442622254,Clean,1122.9540441833817
968,Container,7399.571302805596,8.664237247980449,86832.40753166376,Fouled,946.8741952004389
969,Container,10420.332943764213,14.958955477756932,60100.87659363292,Clean,1277.984971570937
970,Bulk,7209.579772720422,12.487460506976985,94495.48608047204,Fouled,720.4704809993698
971,Tanker,8235.856880027597,13.755431980695063,62277.45551590747,Clean,664.5660584293349
972,Bulk,2891.2443211601662,15.043029450615009,25105.0238514148,Fouled,906.3322309637679
973,Container,9552.704204968079,12.538314307659343,55359.81869476628,Clean,1426.5853832183811
974,Tanker,3277.1348363523484,11.972875762515164,20829.27564285679,Clean,1210.4218150124118
975,Tanker,10260.676302525284,14.102457252464074,147186.12231739136,Clean,918.9236247929186
976,Container,9820.280876703859,10.738262183411592,145547.13727656717,Clean,1017.2721697543105
977,Container,9087.446977429765,10.742524613344443,71370.18867139966,Fouled,584.2130111770983
978,Container,2361.603805247621,16.03811984886951,114688.21106415398,Clean,1484.5758963761132
979,Bulk,5031.283559453286,10.55361789452403,64954.79279335525,Clean,1166.4073046949188
980,Bulk,4631.125699108428,15.998937502727635,,Fouled,785.4040684634225
981,Tanker,5601.364074715191,15.387773878561854,124705.90559597728,Clean,1085.8083942152443
982,Container,2876.4274676383857,8.82257981362821,143078.3118099913,Fouled,609.482366068994
983,Tanker,11369.578230310628,11.967306042993034,72027.59586045737,Fouled,1465.8366688075835
984,Tanker,7538.022407123763,17.58232820914212,121828.7377842862,Clean,674.784987883366
985,Tanker,5055.243106580236,11.056503406580955,54570.69858217544,Fouled,1148.0303180552141
986,Tanker,5969.815170742834,12.606787213071836,148743.19949317427,Clean,745.4544625389304
987,Container,6472.025405048356,15.38618267975569,23350.04783936565,Clean,1217.5613826485358
988,Tanker,8005.943333606173,16.350171527847785,98458.74484514572,Clean,1276.821367240281
989,Container,7156.794276964978,13.245383341866512,105735.77761467252,Clean,1173.4197289114327
990,Container,11193.919732144173,12.207469415925075,109445.92241963674,Fouled,1114.4994602551924
991,Bulk,6969.634829058303,18.267109585095522,35650.38524258157,Fouled,1392.4690939520117
992,Container,11921.580148233126,19.216698991392736,142008.87185150696,Clean,578.6267109897581
993,Bulk,10514.249577450957,16.936574152345386,43553.826276510765,Clean,830.9147657801952
994,Container,4085.105143573358,14.255954427695071,100957.94242117934,Fouled,748.287479630846
995,Container,11305.952146439162,11.57520283507722,48947.89028600104,Clean,1488.0139620654215
996,Container,3163.663978854761,11.508666780330305,59938.13421276522,Clean,889.3897796668734
997,Bulk,10174.497084911916,15.567542315797272,91039.61042465617,Clean,1232.6126992403988
998,Bulk,5806.2329347658015,15.255194662666051,74235.14441339494,Fouled,1184.7251638810046
999,Tanker,10779.743204450695,18.204795778839287,40829.32812694582,Clean,712.0812374773777
